name,id,accountId,puuid,summonerLevel
Zeri247,SPyrj51VqMkF9kxkWarjguyJGYwRwlrTOIhPEUuDaU6erNU,dvOvtCBCZf8kIVK63bTjeBlz6gyWsjxAL9Kbha3KcKHygg,fONz-EwGYnUUnXIyDqVxtjXEMQuu6pCK_20No8oPegyoVK7UESXJv_PXu_kr3zbtN-RLOC0tsO3Kjg,323.0
pwdV hc9999na,-X-96ZUvn4cXeEHsSNnFPZF_YLQi2CJdEF-peiZAiu68qq-jFyU8gDScFQ,6rq2Wnf7WDArfbsqYye2fLjIoo4y7aeBp8vot8nZK3itc5oysyR_MWdt,ZItkIHevNfXMpXENXRc-1-V75zuKgfycGpj5VAS1yc8v3voJJAz0tNWTBDQwUoe6gLHgKl2cq9wDvQ,111.0
FLRX,EAp74mAUgiP0yINxwtRViQy0-6t7UAHsLJsn2saxDcC6OvwwZ3rH_QxUBg,sZl2zmvUS_DN5X1hNfgzeC0D9q4eR6ECjSgxulK1L2ljLc1u8ocB1xLM,6fFyez_rXvz9aVGGe6ru-30cddUSYdOjNB5NXndISnh1RSdRptvaTeZwTAW5KORYdMesmxB95OY97A,133.0
Beside April,tMSyzdmFk4IAAv4JdJsd5sXf1xU9YvwvHzvEaQqK8EHj6iU,LD3m5-JWvSEJncAHx4REw4gBC9G3V-t7w6EtzyLjuHKLeQ,SnzDmL_fj9qpzuV-6FzX-_xGeOnDSVHSj_GV9jILKK_S1cQmJojJbL6moDvU2jrXc-Xni9YdN1qV1w,451.0
Well play sir ,WHE7ayl-S68aGFjMvyB1PSrLSDx3Pj_bT6Sx-sQgiVHJkpG1,4nOQbnCz0_8tN9BECwHzFXCy7clGgQBAyur6BhRePUrZKSWVsxg-Ptz9,rBMKoHcfOIWy2vcdWvfcP7itCvlg6QECdWpi3Ogo0MTxpBKl58BlkRxS6Ux46cui0XyJ-BSj7rRw5w,507.0
Binkx123,Uwy3NAo1aJ5lX93gDeftDJqxWDSuSjDLNsZLArwDPJ7CezA,OH7e2k2N9tc9-G3RaudzRxOmc7i82aGpVC01xX2Lx4ZtNlc,FHsBcyO9kTefy4AOci1q9E5UOh1hxyABfHKbna6VWiqstdsYh-E1jyylIvDpyf9RNq6GzI8K1M2N1g,414.0
From Iron,VTiEBZinGv2fXTadT9Nmrc0H3xniN-oIN958tagRgRubIPbY,Q3V0fidySriPi3SDeVSnGtfksf2eJPpW-VnS0N4KW7ianU-eIZsZOiIe,U3hCG_AooODXwMsuWPML65r2Uts8n2G-H3M38729BRoMTUpmPKb6Etqlfc5jeQRPTVP98LpKw8rYDQ,329.0
Roncopter,NimoOB_IJZ9Mj2ytuJL9HuBvpdYCqv-e-8P2eKgdt1o0klE,UTcgfR3N1OjAI1wI2T8L585vS9qofxbbZPen1-So2lCRng,qSWkuMXXDwNSZaOspgkP1heUhC1rCIDKJXmW3SGQQuNefBDHv5e9HCQ0jd_4BvB-9Lx6nt7k2BPznQ,144.0
Wx Mjm978244659,-2g7SwOdQK1vKokJIfj-jurEX6rY3sg9-uTF1FSCibYiT0A,mVrFtcnxxDSoAdXt2JJUD4bGTR2xx5o34CeKQlnD0j9Y2w0,NaI55ynMqwzkB-PQ3jhICbh-o9K_ehySZ6beR01OJXR9c5NCP8UZCTUUG3HcM7MhQcQyEGGv_i1UoA,421.0
FLY Twoballs,ewxBvPisKkWYUvmvO-8idOlkufdW49e3ynGhj53fj9Kj7QmpUzfl53jzUg,f3bLzf7kZqpRyMQ_KzLwTQX93KoS6wVlvWa_zu3JnTzFjBrWGLLWu8RV,QbE5Uxq247YzGTtu6sWzOatgUDSjd94ExlOsIajLNOuXdD4FKtzYrA6zlT78sGBekIdncrn9yX7fBA,153.0
pwVx hc9999na,JjwJ93oqj4nkkdg3jPKizM38jx3xXm9em8_cBnxlr44xPSU,AWj_3WQUpMXzpM-yxGrjX7N19zqZbG6xwq4q3A3U2-bUu6M,meNN0v14al7ShZgPZjgd44PCfSj2VwpbmKS8YOPL-49mg1naZYStXM2RaYuKzTemijjTOvxmQUIfug,401.0
Pentaless1,8sSYxhzhot6oFJXwpSKj024JpBl1KwDir_k94jvsW6ShiWB9L7sPImvm-w,w3BigwQX_9vSwFmOTRM1M-uYF_I606Fm6q4fa70SNpctRYmQw0913B36,mWgIwPe5CQjVS7AfdSak6T88BP_jX_KSnAGgR4fXfQ0Yqp47l6zG12bP5BUhwlxfh5eoxK5arwC9zg,98.0
Prymari,4PZ6MU4BRFeKKUybkE12wa74MGtukteFc7FlQjZULcZcchY,F-2Awh5yuPu8p9eh-azVo5IMLiVpkjJ4pKFUaUgkv8rH8Q,3pNgWuoVB5Luelb6Oe8hinbrvUOZs0iNUEeHlE05DZeBfCzNXHZUKuPzh237CRip5QL-Zc4mvfVO0w,644.0
CLG Luger,BdcYwIkpwpi0zZzxuXj4hR4k7yWbaHdhPGEaZrlUInaHrqjRlZDvO0fJwQ,tVU8dQmxJmEeFPo0loSwJyzdsO7b9AS-ckxHULsBVAG4W82Rap_uA4b4,w0ZA-hjPqda2Ma6SE9G59onZfsGictva-2lKQhucc32r4ESbAHDTGm8aB12R6fJ80bd8N4E2YoZ9fA,88.0
yw9,0KvijOGOJNzVH_cCnIDfL2nCTO1IXcz7EGpg5NrEX-YR1a4Uw4Mb-TzhYA,RbMdOPSqC-SSVU2Xlc9j6TbjtpArp14zgDw2RnqPgp5SBRpqJSWjDASu,vAijRX0YkMp4gvDr9c8R69ZLbbgB9Q0DEJKRV-V2jTy22uVU4k4-ojedjtGisJSjc3RiEnK-OV_Pbw,147.0
c2 meteos,JU55Aw9amQG3JHtLMOryxUR1BSwFRKbBYqsnpRr6SQ3MB9c,jALeVsjlXEmWP3yYuc7EhDzWuI98NNv9_ifYCeAGQDQ4alA,UyNXyRUU8ZnFC5SxYdvtdByfhGo0zMar5EryxhKF2L0VqT6D_zpiD1IOrg-w0BCvuS0sh-_V9RWtJg,517.0
TTV KoKooPuffs,3vco4ZQVURChxAoUwJKXMySdTW4exyuWX16L9vobZFTudbWucgI_RXefMw,S0H1EJojCrmpb9XR098CvkqJqCr4EoeteONZg5VTUhcbbkXkecwjJw8H,KW8-Yab--rl9QNtLXlN5giY7AYYxsC65RiGOZzwFLbGiDHwY--XyfsI9eb0Au6z5jgkb-Xzx1y4Fyg,66.0
mla3,I_f8beTwpCpzS2FATDyTtgj8s7CMRr7-wKNjqzWo-xIPAy8urOSfcRJbfw,SVyMbiFx-2cJOf7JC7dsqYBoklD_Xg0Wd4KMUT86TCk_ok6G8tFPrE2w,xVZFkefohMW0v5jWfP36nL6jVl1mEhXthgFV6aLuZigYK_P73UBmzqtzD74Y6-EcyqBGcJV6WttpHw,128.0
xXpAnDaTuRbOOOxX,RBORUMUQgAydLI9O6Q_Bh3kUJpLiQLg4S3W_1Ez-Zz6xQds,M1Qs3NkERhESw9vgAqzXW8mFslRkIz-jmyQSiNfTT5OyIQ,-kqOnNz6ZMQcA8vQjbvp0wOlrjBuAOZG8u4t9rYoVsTp5QOBgrVT1vcLG60TO84_LfxCWO-REjXrcQ,481.0
NaIaLee,R_R3Z9luH8twQfvFHQ5CGxwNR-AUK8yKaHPdGIrfu3H4P77Et6jZ_9JmCQ,EBfNKvkNyUfNerwxlFTw05kwfRcqOvmkCtZNEOoOD2qlGdYEZQLFud2I,w4BoTyb6Ha_e4lDrVFMUVcsWq5mNiDPS5AjlSLIhK1XMGtShKpKLcj7W2wkWobSuM0ayT58CNwqoyw,38.0
twtv CitricLoL,DW8n4MOPLVjrEJsOGI9M81FT3bXc_6RkZ_4A8jRU61PELOC1,Q7hJc9_ldkUa2OjSA7cFRXtN1NyzCXTqsXr34nvQ5y7bfQMavVManARF,velExnM-hwVm6rsUL3AsyhBHk0bly4iBHxEafW8jIdyVC20knpZjaP03Y3jdEV9A-BFFbS1kVpmNVA,88.0
Mojo Jojo,G_MUt0X3bneZx4tlF4FkiZAs3Rd0AfG6OdE6rIpb6TmhGy2V,bwNgWdpNhothB6VtLXDsojE0RD-aveGweVMNXESFaE4_IjeaD7lQIhvL,mWVWU8PJnSrv__159YFWU92ADodbLqo_XxuvPDb-eH5DFeQyGmaFaAiKKWMrfRJVPcxWj2LlncLX6w,162.0
Doubtfull,dt4rzomvTu-jzrqkthQS4XC23zrtbAsiafLsAg2MJWJAwbk,iTc1dnI3c9uVsUd3xmehhfXUg_1ac1yIMOtGe1dx5mpvQ_M,rsqiN280_COhcCzRGJdfBi0zNacXGBB3avKvNSbd_Vptq1fB6jz40GoKoTb7RmUjbt3k1n7ccNOSHg,345.0
TwitchTv Jugttv,xZwoX6nXkEvBS2A46hKGJaX_dxqLe_5E5eUU7iOkUq9HhxM,tn98L_eWoPz-vSEqnSW9-epT7tDej6lRwaVWujNT2q8f3Ug,mH3mViOfISXjAdWrfz-VlarYoVzOsuugoaVMv1ipYgXzYuLyztueYkBzzaDlMOK3Dpo8ledN1F66rQ,414.0
Terry Chuong,Z85vaqyAAoy8h_Qt5t0pWTPzlEyUzxVUkHjNoHTfe84LQG5KpUMG2_xIvQ,0HXIDndmfYljw1f7qq12MKrcgZm_mlP9bdWxuGYVHkvfEIPKE13tsfvZ,l403mvYo7ifjJiFXh5y63gZHZuHjNs5rd6vhcfwNqvN6Nm6XabO1XPn6e3kBthaPgzJkVS4PUbxftw,46.0
Imaqtpie,joHwQcoNdgr2cB7q23CEaoiOiVwaTowlxJu0lXMSZMqd1YI,exPsuYAvAPnOnEyN20cDQ0SiyQ05H_16FzVFvAJiWoVqmg,DOt1bUaEoqzaN0v67UarMfi3Tou6pLAO8iuzhZt77Fs1CQiu0vg1jm0Heury6mCBlmBsLZubiSUjtg,560.0
Santorini Panini,Qrqg4JbA4UwHzvXyuZwEnyXH6ZgRELjt8kKZ1oEdT1o25CM,AIHu-6pErJNPALKf_1vvyF8VkhySWHpSqWloT316zXuxotc,G0uCsR2GbmJ4BeeKT-ll13MZmAqx4v__gR4TOP8sLbvWR-BH2mKijF8vgegns2QfTuvpq4-ZMR0F5Q,108.0
McD Employee OTY,YUbiRyURfCK3OxOWu-j3n4fYBY4I8CbFD31B-RfFxssZVxRd,bCnDOZw9AChKwEFfNkjknVsYJDeiOJTZz26H_JVBdsbJnde3JSKlHEKF,TFcABh3f5t8zF84tyU1moLaUYWYG6Sleoa2byV48B8ar-onrSvvSEy4bQE5VE0bhE80ICG19fcDEBw,116.0
Dèity,YQ0NdoWo65SImXd_PhluvTGb5jXH2nSoBOlSm1XfDy4b,MDFcryYDVsOkrV1jJtaiftB72GRNzPmE0InS3RCZY58SLA,q9UQDP2OQdzaUs-jZhv56-S2lZmUKfPJgEuNDxSHb8L_C2gI6v_q087geEE843FRC1IoprxjkuYtHQ,236.0
KingClueless,sGwiBG_g9nrrkBY60bh3JRTp5u8RGcmAbs8fd2mVNVDwSqE,f1MXevXyY6Stj6UqejhYMYg0TXvDwq5usbgrjEsimOTTLz0,hjQ74gA9uqNuK9WNNJQtraaHRtgwMoW1mVRXqW7Zp8sXm26jDyJPv_wIWSVHR-SkfZmWjsE47wboSQ,403.0
MunchyTheMonster,Y9AG2MkE1jOwi4p0bnPsuPLVkxCykAVwWZmZxYEKsNcKETc,ldm9aLY98MLpj5PKOX9yHrBTUde1NtlE2RJ_xrBhXjFRiBA,uvKGru2eU-2xTv8wfuYJCpNljQwNZ-c4VsgKS5aAQ26eKVmrMZ9sxabX2JsYvrcoEE8lYnGem8u4PQ,504.0
Largente,k7uZJ6yiCjdL-1TQBkFwm0oJVF3-kCuZiYH1pfmc8tnVeI5P,C3SiBTgWEC7WpO7k0BAzmsDa9S5C3Ozlf_GDzyaUDv51ljH6Jo4e3ovk,FVq1RdEHa27DTsFh1MSzfOKeMU2eNoZIMS3OQ7l59WjX2KH89IZCVf7HEC7DD0dCc4NuYpzCGn_oXg,192.0
Yozu,Ltk2dmrjqTjk2fd9aYNdXpQKXC-ekSBThwx8C7qEfbATCJs,x6zVKR0uAT_T3wyMjJgsN_JbObGAcQX8CoSqnqN44ebhkw,Fjd18VaC-Ba8GdMNPfYcwoh7jouiMKSh40LAWLEhXJZAX-vCICWa38cyY8THOYdFSkFiMXDz4-iK7w,394.0
quante,-1bXJovCjiCJ3KvwGXZzAV4ZvMa8E_ZGqOnuqe0NDUeNMNQ,KWbqUG1rWhHoNvY6dOJowexYjYWlDzls3HqXmWs4dAND8g,v2LAwObaeERjtLDhT4i1X7MC4QPcJAIDqiYdZKFpUqS64d-X09RSAAHqQpAz2sIFmnGw97VP1pK2nw,369.0
jamican banana,N2dYYGoWAGAv_257MOZIIfYO3CcyWREfZsH7daA0ztYRt7M,3f9lwYTVHfzaTUIKP-mT-_D26uiVIPyJi_7w3hSvgrNuAw,FTWuPWwR0yWW-E_JoqkRyyqIBnDeMgr7Dnh2Ard3Xgxqf84dsUrGTAMJJ_yXnO_RR_nwS1ghPWY-gA,767.0
Shogo2,G8Q9OrcwJ6afUDXnBEAPuHKyTK9zxlkPv60vyBNGYaVTcpaawJc5gQac2Q,K1eh7-il1vxuDde7eQxQjyi75gRUvKFVUDSPk8hU633-y8qFsQTxx2Zn,_Zl5lzd5u7eHvdPajnyCey_i_oOgscUMLgd3VRNgAbTmOWKaQ_EQZeheHNhwSZ-XLvfrqNPJTjTzNw,301.0
TL Hans samaa,nBDKj2Vr1gc1jSOz13YjU_XdJw2j2jx5C9aQkiroiQP1rAva5RtpW1eawg,t5EMQ94f1qWtdWrsX_QCzmj_MT7o2CKpFq3dkP83-s7laroi6i8abbSd,dXdAsTlgOp8t6Fpkim-5scfBvFjp27nwWRLiZqa1faWvJ15O7Gph35bIYGPS1ImeksbJXpZmoN597A,90.0
rewinz1,Jh12hiJ65ruLAIxj8nZiVrF6h5c4eKPcjVBTVYfe2aOpbPEeksDm55eDdw,3_yv6-N-rZwZeoaVDTSfukjWv31qS2jBYvXXddcMWLhiEM6Byna3J50Q,H7S94bFC12X0m4EznxA0XlbpV6m5mHMl_-C_ecuuJjAs4RU-FNBgAIR_0iZ8ygwu7CRet37QYuRUMA,75.0
FishIord,GOsoeclBERjieHiJLQETWbZCVqWtzbJjavwzxpp3MKZX1x4CiSDijpKkPA,oNzJzG9fNlE2QDOtYq1LuNtBoaiF24_cIB9fCroNXdf1-I0HduGg-OT7,4QaiDKH_QtBqHJcSh2iMVZYugOe3SOU5lH8-5Mw7zu3USaMleGuKBmR0gxT70uiPndO4mnx7ts3B8A,111.0
kai fú,1oez9vkfPOIEJXSPQf-NmCTj-9W9BNDdzjnWkvKn98bWj0sR,Kvcif5ZNezoQRfpVGSnBHrJQH2Gpbp2B8NAs-ZA-8px_E4PTgn1FKwc7,yb2r1m0QE5RXy25Prg2KGH1yQ35FGtyzPgV9YvE0mQkWuysNbuMPfHGW-6XnscRG76UijL8u5Ukf5Q,113.0
Doxa,c5KlR-D2cJjwiIF9ySmRM5QzdU_0yP6bXk4nPHtiTLN3LgE,fc2H6ZHG839jRZRGNeYdJjZVujOOLpmqWHN98YYZQX3fn6M,PR37ytA2IClbxiD_59MWXiTxQnL6ILiIAq9fRmRwdTR2i3wTRwWECmEcPTNxQGYHtd2EAT55Nk2yHQ,446.0
Sayarin,ShJ14b6ar_kOqTZ636nJhjyS8N_KJbrY5_rilVI_SgKoaMs,kLFgdRcDIdO1rO3opOCGZcInEkIyIvyrxwMGBE3JGGtXJZw,g6qHqfdvajK_i-yWq2hjru27jazXfHq_9YIFzWT_tLDLPtz3cihyUVseLhtCPJL4xcVM2r-B8I7pGw,386.0
Zyko,h33PjuHdjGh4AT5Sn6Ai4Z3AShht1M_XW8POl_0dxUwznS8,EiKGQIEORp6DVu5Mb0-oj3gEmABjb03ChD-2AKYZ4a3ZZKw,v9KCAf9ei3xbeW1HkHzLSDqsqs6yuBnOBBVY5zSJYTAABrnMq9xmIEWxBJWgAiV3O0RXE1ATdGOf9Q,470.0
yukino cat,W-g-zTT3nxiemYFOqg3CRAqc4JEn36lz7tqafxwXibRuI2w4,JuSJPOwRRajdQVC4RBfjpAF6LrSb5TwwT281iPmf_Iy-X8vh97ns_lU8,LNV8AaoGzo56Vqw35hU6xuy2Y7HJM9XDDF0ZPaCWKFzA8Xt4FSrNwJXv0wlqzzveeOw7EsuS4PhZQw,315.0
DEMON BRAND ARC,NEbs8lGPTHmmTpmNgwwrGAW42maJGt3z_H8lSHsjdBO5jqE,NhTCRc_bhbTdgksC4os_TIaqz2hzVbfc9RpC4fBzOWV4ew,GPyFT-nAyu1mC-ge-8y7rMMujsoQMT0QEtJm_zbI-YaD1Ah6_huml14KUaq-B_sDWqrDh76i1HrM9w,422.0
,,,,
1nori,4ZuOVeNwaIO4PZ4cg7x8wJmlthgqmi_8_JMibCUjr3_vi6A,G-WBwkr5eV1bGtpfQOXX_XTaFdQpAGovHA4EbVaEt5Ozhso,se6IUpHac8EhGTTh5SefkD45mePe4tknjpigEoKpRvYapbppQGFjKGKbQuJKBnTeUbSEJeQmy8RjFA,259.0
Heechan,QVAcr0d-scVbNQBLH7JjNPFaz5-qdEy8FnD0X_nuF3K2xc0,iponIMTfjOkArMZU0iEXxlBRUYLD-1bp14n-vB1gbo1fKA,NnQvSVa-ojUPdyfa_Mk6vAJFAlIQFBjMriLU_sSca5Keime7c0E-URVtTHZQ-A3j8a9yMW2PuON5iQ,477.0
lunacia,Bbmdjb_Yq_kun2Cc2KSSHnpbf36kYPX3PnHZcZxAg4VBIWw,UQurCenRT6euqwP_V5-nzHa9CawgxJw0oSjz8dh4K0_CIqU,-LYyU5RE7EqoYf464xf3pBVTbgy6a1KuoPJS40A1mTctZPwZ1t_DshIDVgJqPVuWL3AYG2pXGf1MAw,616.0
FORWARDFORWARDFO,SJ-BWS7HufSjFGQof11oUDHZQFKOuEW_nrZtFYgTuUqaSu8vMddQnP6NIg,n6432oa8wrTA755cvkdWmkSsSRnNaRw8QOwTWGCH-yDwgbFvksNzBsSO,rWgcNdN83WtqVMgv0IcllRU82zJ2t53rCCrchD1YJwgOHPi0w3s4D_H4JCpjLKJvFk8CB_euLhz4Wg,163.0
Daimonz2,MRJ6WZml-6aFCDEhCWCZEmEAs8G61Aswms25vxivxZjhkZ2B,yQ-hUoR5MKVRsl3eLWlKTKICfCsefJBkOTYV2sYTCyjnU87fHP0V96Uk,EgUS_m0KunJW6sRdCu6D8Tx01mcqIl8FhkO-M_eHwkrwyTXtuDLNGy7PDohu68qhAvdFZ3SZ_RuIIg,159.0
Rhite Wice,zBqQFaqv4H_9yLvQOf_n5wVsU8YfxGqkt59pOgamxsQT3qQ,8V573ecW3hnoqXEORnYwbKSBx0GifRCbb_uC4OXZnJyDvv0,0oQ3dQ4x54e-_lndnbL9iwaxADOK4gFfH10HkBDF_GguG9EdexZzPJcQUD-14-wNlo4iYVWOObxdpQ,615.0
HIGH APM HOT GF,07fzsCfExKx2CUlaVrfYffuhcIhYNRAAELf4IuJTcZcG81c,hC8ti-4a_8xOkQECRqHtfXdx0DyLaeFI6dOm9gNLSqeumXnTrPjIDM8R,lL-o93V0mWjdZyNFsKu6rUL3idjvKdAexrxAJi3Hu6SZ26ZaOy3nQFay7Oe9cecG12zALJOZEv0BCw,246.0
suffix,hpOV31InP-LlpycYD3XWHvmt1ZyyLPWv2OSGbo6UPbgluJ0,mx9U0ltoFoBvvyqDpIHF85P-X9oYePnMjxHQKsMaLM38bA,mJl4S_1sANiIhKw1-9qeKOevme9xJqgzIGxFWKTBOMFVLRN-EPQ9QCE8xXLFr-oE2IFpa_unfp-4mw,485.0
Aaron Song,GLlfqEnKxtfrgZk3KaMK1Vh-QKpmSTJnDeNsHfZrN_hVlEp5_gzZKSJUhA,QpboiVe0jcv9l3dnCPb9MQd_E6wQzmWYaynyZZ6oGRjWvhZadbMXsYyy,bOMdJBZtJeq80l2TVD5gDC9Alyq8xd5hZDktmWovyou0ooexxWS21lh-rvoooeU-SQU6DvtV48FcsQ,109.0
itdoesntmatter,fnJLbyl_cbzKlVl7CB5cUMuAiEz8LcdO_TfBA_HL5ePCKEjG,xo10bByecZsSpUfvE2woJPMyqGi3aEg-1zPMXZW_DPBNOQ_Etc7dUgBz,CvOHZ8YOXIpw6sziscSzLb92OMXA60LqpFygBEwg0Q4oxFK0tob3pEOwVZEZo5JARpXUBmymAsM6qg,188.0
Messages,c0f5DPdy-am8XdNN17Nwdu26LRkeuu2WDEANjUTszr8nWSY,iKHDFE77gT-XV4S_lxKispUPqPdSZqAhIhJsXRNryLPKiA,pyUgZ7D7NGl5qaWuAN1j6-N538GRppmx_mF370blEPhgdeRAYDgyXMDrEmmLg4MxWCo40yA64RWwGw,360.0
Competition9,cx3I62eem-JhWPRruz5RZinQBv4ZdJkH7LnFRdNRXZNcqTE,wbMD0_9GI14q3hD2e2Bo20fd1c44p6pObD_NI-o0IykDeZI,ayl4eDNL2eqGm8Xxv4PJiW8OdUmIZCYVsrWioijzvw6vAkm_TyY-2q8uqXHITlz_gQKF1KwDWBvLsw,828.0
Le Kachu,FdVRL-hLQffN-13RymcjetXnpra2ET4TVDSiVkGc1myeUcw,BbZESEJH2EwhPxxhwMQ5LLdKnw6hs8tr1igh7ussylaNUFg,Nce2UIVZe46LexGSQgOkMszwAou5OtE-rmy6KvU1qI-NfaOEkqFIMFeUEvYbmgxmTzJ1R6-FLepAKw,597.0
bryan3838,BHz1ns9biiOCeWPgEkzLGF_hz69y21Ll02xreMfbZFxcpDw,xrzaIuJO4hA4kbHeBqz4k54lqgoS_Qh1YFiQBkT5WRws9Po,I-wl64GoubkA7D_fl6r9foAJef7eCwkstoY5RmC5ufqVnsPk4zaWa99N_wkzpIprIdii8DkYKi6QsA,565.0
Echídna,oYK-bsPxoLbcrURZma80krjSL_XakKk0HQa9VgN8dv7apgo,pdhDYw2nwSOCyUmI6BiE5T-y9RO2lWf4408_cPSo4Idvcw,sj6lOeX01B7dmjpT31WLEWplYZWKSGUhZfrfVSAG5oJnPv9KD4OLTRsleU5__ths66xy5qfiCheASQ,691.0
Drazmere,NdLa-Nj9tjKhzChNHqpnjjomLgUdBm-TLfCd7vOv2xo0a49d,F3WBwXseqc9M0RC8n-G7hqMwOOe9yJws1--JtXqY4q9sMbqTYbKrqU9R,zMQopfJBftoKqKcxYY4ueN9xB1VO_1XLD4GRdqg9pGt6mNnsOkIjYZ2U_s-IGSnEAN_QcjQdAcn3ng,262.0
PepperPunch3,6LgHUqlZFFdZl-lVzRsQ1iyn8xpEMuLgXrhxjUbE8Ve5O2Y,KTAW_F_rT-Q2MDlfytDd_W1o7EcGdF1NIQvf9-PolX2-NJ4,ZGYd9m8HiLgStImEW_kbpnylsFmh_veHaD28ixQL4gWPpmtmv-03_dLyCUfWuzuDOkef8JUX8XTovQ,362.0
Berik,93Ze-OH0X90emnvoyu_dh0DRztbbDHemsp2vr8EuONwxAXg,_X7noFyMYTS2UR50vLd5UJUP0oQ4ktv4HaQU4_BVl3REASU,-jt7wbfIBnak0evBoDSTI4__CuCKm7gjOPB4Wb_-vD_WwPK1OXa8lWtFPN4fPvvh-Rx0ZBAdgYy1TQ,446.0
TheOddOrange,Av3IjNVkzNLwn1zSd-r8PfECIVxsNsVCRBPAyYM-bGrg-gL2,lL04GjWsVo7xx643o_wkfLLcuIAEtT-C5Xeg-vbKGkJxDL8BBJAZ2k7v,NxTVhbugbVTovfnyLIJyk3ZckXmvzi79B_CdD5slFdINKqC41Kc8PwopZb6TP7QoEEfV7X5_SwXBVA,154.0
bvoy3,NfboEJJdsNmMnPqyI63o7pqn7ZNPzMlzYIXmRXq84fQL-icOZ1Chd1ok2w,NP9oJNPF1IcIvH7SFpMWF3g5-0CK0btroUdTLdSlsrurl0FRUyYGVcZA,59Gebr2hbVVKZEZbzfTfuUEqNteibC2t5glrxk-zwhb-9vWhWGv63ZiirwGG81nR6UY8D6QND3sk6g,104.0
5kid0,d4rLqN5yUTM6Vg3AyyaHj-xjzmvIajwLCHnPb98i3c3L2DbZfpF3-QVM7Q,ZslnZjNBOfwzq_IjIKhh5CwN6cQsuMsx4nJQMamFyrmBy-mZUvjoZEpd,zlrUpFt7UmIwfbLmNG6lZpFpi4oq71FW6NvUn0XzKDBN7LMh-2xmH4XdSN5bptbfDtzOznrElmf0XQ,45.0
Pinwinasio,YzuET-NnDUSWP7lhbJqCi3uYKl6Aawf1QoY95r42E3rGazg,EgPgJgtzm5ImaD_DzVBzeWyXDeai3k7J6v_y57B2o9OvvjQ,wmtifZbzz3rGfXHmYyQZ7rjCB6xQ2dOel3U4EXUKrpbfsTmJdVrpL-46LrY_onznswn0znhQuHMvWA,281.0
elodragondotcom,VxjCDtSRghryoJTkXhLry4wcrRYaIP9IGy7eGG9HYmIne81tGgkU2C7BMA,wc77VzZ0WlP7Fl3f_Vd3G3L20y1lPl0Xe1bbQtMt8pzgPrstHT15SGws,XMVVJIxherUHnvmi31Uoe2estd8c4jeWf4YDJxGKZR6UzrOvP_DAMkr1gcvzSLtPHgdUydAsHwVSwA,63.0
corejj cat,43p2UWzvVyiZ_hfeNvTDCPV3coMSUo1SrDSVBWAoAM7brl1G,P9umx1078Ep_52B4pkzWycqEw3d9V0Y6o-KwS-EFx2GW4R-wOHM3IR2-,g-vqZf_g4H7CvrlE5aT5wfUgRCNWdcQQWMU5dOoIrlpVawf0O1iAZoH3VJvBY_ebtvKfY2Sx1h7a4g,169.0
GOOD LUCK SOL,8bHbejPu8lNdd_vtPqBJ8oXlbOIRfW_LU4GEz459x-5d8yzS,oVzmItJ01VvmIVAlVuH3OBTP5bHQ9vJO8Jq1uiVI6NeIb4ic0N5IAcMb,E7pYQn0Vqeg81jazcatoAmL30x5Hr2EmTcTkHxU-AKr9M2e-cCvSMVhIUw-UjENsqZkj0sT1c03wbg,123.0
Quantum,m5i1w4NCC5HffJ2mqsUf38fbFChgT1-hy9NlOs_RtDU96oU,CLCL-jr_GgD4I_FjTmaaK-iMjaNynoLTd21xGn7gXg6HVDA,49kg5p2PL6-4E0KTfrQ2gDgfmhQDwAa5IyXtIlL0o9eoi4SWBOelFGRr72Y1_8ZGT-b2OTi8RyITag,545.0
Aiden Yasuo,liHJd9MgJMlFI5AfHzR86js9InJ9J2cJZEOUYAq5pUFNbh4,qxF_klLhSxsKS4zJSSfsedoPB8NYhi9kH0ZYnvjf2MAmpKI,puIiPC9gTDXW7307tTuBhERD12fMw_NCQ9TazTirUaj_IiFWrHem2XqDhvYJKtXK1TdUlzEcMp48Hg,378.0
TFBlade2,LO0YBfTgQrSH6uiGGrgkj7lx_s029BB4fFGpHlYelguYf3_LqF5y9Tu-yg,bWnGM7hno8ktALeXq0s5zuc2AFKQjnWKYJHMRlakj0k80VBVBgYJXRVQ,VgCfWuzftPNshTqWj5SRE5QBEWIfAoUVkDUz9rVCj7vNFXl0uwOruSYRwtmpujpxZkp7DOBv6tvmtA,137.0
Naapes,JS0J0HBBMvlqa2M_vVl7WjQWCjnakiAXZnRjjRGgmSPfWxyXGf3-H4Ng7Q,WTLT1ojkeHxQHh17tSfsfXdebshOu7cXi4767_zE06aWWcEm_Sj7-LOd,Bf5oWP4-QhlPxbkLFJUHZUHhncOQUv0MVnqn3CCTku-Ke6ZeZdUc76QzeXbfGrvQbneWY1I7kJpCUQ,98.0
wff010,FzdlfybDntmi2YJB0882mYlptsWqa9smLcaLKblX3KtxRr8,QqJkvYRG6Uq93ZJZThQkXcQPrHCYjV4TNFyLYRFdsI_0INw,imq--4FwjnRO9t89TZgj1HJcFOXQrVRvaeLg5InBQGTsTsURvSjo6tECgEiokOkpkwnwQPyvc_zUTA,481.0
EG Impact,PbXrvxyd2T_bJdUItujt75NRw7nLyR8uHZaJ8NTqrZB74yg,abJXIMzuxpn0xFu9IOdXZX8wwqunbMw2Y8uInhe-CNapr5c,dNbZ6uq2sGDv4KleJAWEYBfOsG_XUVybNxW0JJ8UgO7x20IJ_l1RUYf23vy5nGjgJFAM_7Yu_EYNyw,348.0
Soxington,8s4BSox5eMwtGPSFVkEuV_ETkQ92MxoS2rksu-4Uhpm3Ky8,UQCvjmji936gIXHvWaefFGbdg3fXjxsKxqka_S-Tkmnya4E,L9Hj_vzrMMpRjxZCuo0VtHF7L9xKqw1qq8TsXLkpThTar1hkGSE8jPl7lsRif3i2eFzbp0hUDP9bYA,614.0
ACKÈRMAN,K3NOXF4XuDlRQ7WpovYvtil6TqMXV0VSvVsyXVkf6a49KmWGbGyubqFIGw,Ze2i4vgeMBhhTCThNrJ8nyygu8kN00m1SxmcDN-Ds1HtqkAOqs_-Td4n,aD01iMS734ikWPbERQvabbVwA5JpoYjmqJmH4ysUG1A6K4O_5pLFuFnIJYnnABiAj8Hw9S7fcnMY1A,107.0
Bíg T,5-tYQ-InrKuskEZGToeiSpnQZkZW-Nv4IWDGHIzpROC6dFg,D7T2GmOjE_zJbkiv9IlHwLUh1kGMe2DNj9o3k5FFx38sGg,nCbf150A1z5AiavGirvr80KdGgTLTsAHdT4DrDKIVsbSuWe9-etQe6h2zb9tX5dGSFlbzYpY8tDqLA,501.0
spam tab,gfc7kTR09LaPEpgmXB3-LUHyGxbwGK4eODAWZMCLPhrV3L8,VkZOm6APhIQ8etx1Z4jMLj8NXFX2G35UQTvIeyua0TiBaEY,OFZEXQC8mkcM_tW_S80qh3VrBVOXHuP6o20iZJPaTCcz_nSAuil6r8D1Nq4tPz9ZrKkkP9yRLp3Jog,247.0
Alex Blais,4MzX-JOKAmG_qc7S3KJRTz-Kg4TtlBosJhMlvwFGHWqTuVw,EjBi1ZqvUKq-GEbGFDvpbE6LQf8wP494_Wuo_v9nvldFpQ,aI5kxpvSQpACGkAl5auWx6vV_AFqp3zpOKvNCU8BYOhBHQ_nF-nirFbQFpw6L4zalnt_jPzNHM_ZHA,399.0
AwakenedGenius,-l79cmNKS93AK0oXisXYn2-mbDLVIj5iBGTOQtIRbl43ZmU,yaW8AH3zreFWpeOBrN90dlcPbsGS5CNihJHccIBMl_tgoQ,NPfTHh-w9zZ6S1246209rsv5qIUJ4FAzcFYiykHXu1d3FkyD1x3IOrSE6PuSE8KDuof2VJ-IoFxM3A,437.0
papaXmama,4nTk5ZFlsfpDLlTENIOlpGUFsnM3dLTuIVkykxuEqQLyfCi1,hfe-p_Ds4q2vDVe5wyXFChGnXw7P_0jFu8pZV9CfkEGFgXpzAavZewWU,jnL9WOF6xFVv3CYUdTFjsNAHapj6pkePoEURnCdDwclo9xV9Eidy3BeHGD26g-4JJ0q6njDgx0dAJw,67.0
Ablazeolive,MPtHsoD4z5UdwFYnzzwLoBVviVEwgilEK38CoIwZClmf,pF92zZe5-oaqh0TxkY3IE71BY1cxaW4AxT6OWm_9em8,4P-xqyEXz7x_ZPAqx9UeY8NKJmbLHN2h878ZWTD2IpdlKKoOkWLcekl76udCqcUIlfpHFd5iuDP7qQ,333.0
bizzy banks,3R8eFR4RB3GE69E9DcepD5bnLzXdD7PR6WV9M90WkJnbEJg,fZ2GYD2MmX3ZoYtQWaYuTGPbMCYydTYq5LbDOSb3fIwC_uU,p06FHz4d_QgeD7_DVIuxCVEYeQVi1nEHUeTkPsJAseBeL06NS64YeH5u3JmTZN1EP9tdNd9stefv4w,337.0
Int Overflow,t7P9-2pZqZsmiZvAXbuTX4gYARMk3X1Atr2JGV8dOWSjCYM,scB1JxRg8eQ8bzq6LVoKsw8aJ8lW3fnt9A0gjiA13zdcZg,ZgFwzI1HWHJtmp7OCtwkv1inPCJHEPzNOGsCz3FnSZlsilSgqwrpnGl_eTduuqkQMEfdhKdhbsYqCQ,626.0
Cancoillotte,XutIkHQfbVJ7bCqCIZIpkgs4uy10BVbAZ-NEuM5LbdbiTwzU,-yjo9Nchz0WaQtTWaqwsDl23fp6o-ZkgZOjUadGfEhEetKcxly8vwxWA,LQFJwj7bm39y_eNd1RekkQU68CoCqDHXBOpZoYG4cseozu2jF06Tj2I9A8Iu4H3GE2pENvWpYq4SGw,290.0
Kevy C,hun5hSmCJBeSPsl2zV9k_oPTQ6wUBnlQVW33GPssqL1pZrk,vbXShi66qDdy3n3NIS0ENWXYhXtHslsGKTgntKBCMZWu_A,NBYxWO0x-YWq7vZjVxSsEunMEoxu7xSXMdvOA_boEXKZGenK54ZJCcVSQ7gBLKAx0bCqd0j0EvzhIg,471.0
Neøø,O4ffyu16ffnN03JdI0SAxGFiHwLNZQ1gpRrgfcosiwU9T0M,IIzctnKZXIkQs3ynhp4ERpw3iGf0j0QBe-Bk_POeH_dWdEc,gGZFnp8nkgHboSOL1PEO87N4TZ880mIL1hVUhpeKY2FepumNCtdTlKtu1OrxFDQL5Jeu4B-5VnEOWA,583.0
shxchi,gKI2Wh0570LukU-lloe11_4X3Gmlv_NI6vyJhx-T9b9dxGqOb0B9HfWAyg,X7VTWLpKhrz4g3z_W2mtxHdusoIci8eumSvgrWU4REbwhDMVm5fIO7uY,8doMvO2LWWE9wgqjuReaT7LZGlTTzWv5qzSPF3VpSdonsNgd1-8RYNQZ9Y3mca-SnUh9DmXNOSax4Q,171.0
Trieuloo,Gf4NQ8D_nG-YTXSlfE7Awqj-c9KuxOW78o445cP8xJATX3M,FaPu-ODOPDRQuzrtvp1WNJH3Msl-syzOv8_fqnEgNznadQ,jcZwhnao6XXIv5J02iJ6IKj7bOPwoj6265eT3ir5af9yevFWXAnMvhcIfojRk3bBsUP1xI0guc40qw,662.0
BL0WJ0BPRINCESS,ikhNGzjZTR0UjWX4PaGUOqdCJPCzYNfSiWE5BG49zwuE2xw,pbPN4UghnD-1aK0vSwVNrPzg3w0phjp101HIypvQoObV1w,jFKCwSTgMgiLTfpFJQKbFVQ5WktQab1MneuNkQlXSjtPw_M_-urCu3iidcFXmHs67OBIYPoQJui4fg,243.0
AnDa,f4Ny7MEKvQKjynXP92ZeP8d23w3YUmm2jY2TBXrlhYPcrP4,Vxv34WeMyGL3CCNMZzKBFyowzHOjxGIoVS9B4cm6B9SEhw,SiT4Rry6fX0Fa7QPeJtBtueV3KS6H9riuHRdxq_RaiecWl9Js_99DbHe54cxKa7ZzwwiJ14DTmVfmw,332.0
wananzoe,Sg87L8HQYE0zl1lynFL5p8nip6uxwWilziNvGDrWm0P_5nQ,pJjdAxf5mCdNgBkTWAg6655cCOd0nEWg9Epi9y3fFJw-udg,V0OzNUbPxBREgpo-N0RxxCPlEz_7OHZ6Wl1_15NMO5QhZGuHWfhaIIscD9mippW31sN9aRj3CYo9mw,160.0
Nimdle,uwtmYLFHWuOK5_BJ8Vk32necDSYP2d6v-Ir2bW1t8Dk5LIE,eJCdyM3wBR3TAVStqZgyO30H-eF2qRt3FwBmbMYMOWxdpw,tM5sE8Ga-LnDQBDzd-tElv9ldL0-0Z4k0HAhe0ArM8zuU0OkFdK3wP9KvrN4kbG2i2bl33uV38MZYw,372.0
eXyu,4r3xQzSeI-mscMfUjuvV8hav_iJjqlmrlFI_6lJwSsGso2Q,Uy8MUeMKrGNNyV74t7X2x6wb-fI8T3Gch4sHLFzFdc43qA,mXx1H7jTAhUDMOxaR6BZ8_6-KPAjLHEMy45LHonQ5tbdui71LmSolaL5z05kzFcRdPo8AItiz0xsFg,605.0
rockonhi5,IZHkajJufej8oCTrWB9OSuyZDENzmMmvt96AepRZlNfR2HQ,nWh-Zs3Qkv5tVZy4GxBFUXdcDbg_GhK7TAwjqzVubZi5GA,xl34r0wDCK0F5s7lBL2sGvH-W4iEdlcdFGC9Sw6cVA3JtgLiEfTjK1D_rImi7LFqgVvAYyE4B6G7OQ,277.0
TwTv KoKooPuffs,bdjeYSQYqec4fklYj1VAo5wuaUIDN5oSBruGwmJ91MsmtTc,gKGtlKSa8UyD-8B2OQ-SviE3JBeAHVgZ_ino05sktT8kow,mE62r7puOC_RexHuP-P7aeUj2VTV2Dgg9a7oqyJXBlL82E4OJxBRWC36QBe3VxU84RVqT7nCwOWxiw,316.0
Draven baka,Xpj46EAzJreurUq19a10zA9NW3xqA-VmYex3k4YP2FyQ_GI,G5w8qgGYDsGyXSCvcVUhygQebhqVgQMGrgFLycbRqzknm-g,19_s4Jc6Rm1Ax8rutbMELyUot-deDrel-cAkFpkAXpvSVJAaeB4TQbzxNN0d0rJNX-BifzreCYiBjw,735.0
Jauny12,VtvtUqFpPPv8jUerj5tnMOcnA0lHtVJLlPHaNeYKh-rtP-U,lSbmZHx9eOyCBtZHDa4x28_B2qxI5VBISA9rQc3r4Qwn7t4,wG92KvvADfF1xskfh9Y0fGnUwL0IqlVCXMaViTL8ze5oUJhi5r9m5GWQMgkzVB-Oezvsfl24Ja5JFg,387.0
cranky enchanter,0GDLb1LxIUnUg0j3w-956N-gWDJoFNqJYbMwATwrXnb6cJc,LEBC8hkVO2SRP_iRzZlTxCFc-Spq5qLGh2DTAMIMVZ26ItM,879TxKpfSPlzrU7x2vyOMPI2Qpfan6jaz9rbw5lO8YNDjr12eeHGH5TPDSidCK8BW531QM0vpl6sIQ,780.0
Tojí Fushiguro,XM6GfZzPcJed2cFFGR1VMqqe4Z3Z4aJo6qMAASsVEA7Y00g,Rf4D3wLnrNGpX_AEi8mqAreu6ysRdOt3wC20GRbZAaRhWw,8qJBu3wm1VmWPiEZ5-UYv-dDiEAW4mnCidVvqI8meLSCl6q8LlLn6MwIEi2oxJq5ShGPqT2j6vsWRg,412.0
SoIitified,QbM-4hsdbzmO8v5CIS0AVIojnxauKzW7jqPkcKE6JcRucT4,K4Tm8zDT8ssEoTvJh8w4dlGJ4Xb9dMeo3nZvqff7XLTYV0I,2EZUxIOKk2dBMpJMjXLP-LZ33P01b_ziVF7XLV1L4Z1yDhXeFTAaKjei4t1_FE_lEW0WIJWYf5mEFA,274.0
Dao Dwen Dwen,qP2gzd5IVmz9qM1XXwtY2X90t553T7OlpBJ-Wwbeg4Ge2ZDa_mJRnPp4Rg,RLp_wb7u4TF9A2TKdl-jtzAAeOTqT4RQ312ZkGoQHWxjoxmKamMy81vE,AY3p_3f6b4ZeWBvReNynTnJr_zrgpzvHpgh8k_5Ah_HTWWoqMVTUOIMylbNsBxAWpkPuqH1pYdGaKw,79.0
Kral Closer,jhcGSXKDReIp86qPtRA6X-oqF_dISIp3AyMSuBAOk0pYu5PV,0NbB5sHP_q4U8MrXGgeaYYhW68NHMyvts3r98rhjBO4K8EhFfpNS7N24,GN1kVNUkRJZfBZA3Zq0QNLNKLBCTS7Ukn7gTofuLcPZXHnP8Ez9vSNwI9SsW3XomjTAROBRoVQ14Wg,219.0
TwtchTV Sheiden,Viw4lAzBezhFCQYUgnn9Bj_m350evNt_JOVnXYjsjRwV_xs9FA4AATemmg,-fOvSB3oJhw1zD4VlR2uK3zHghpps5SPAnTM_L5SoGHnaViwJz-5e6Of,4u7DUjL3TWCyfSQ4PxG6NTk7wFRHMIRIiyHcsBGJwhfxIW5r_X9QT6cYCv_UGEfx5YF1CjNmvB_-KQ,60.0
Kyło,74q85_gHukxBWvOrBP5C_WFpnXnghSyQOf5FtrGY3igOcGc,zIOUXSoYqfUtLu8QSu2Kzv7pSvC584wkxR3l3276OfwuvI4,n68_MNxcLmNdJuT-aT1mNDNOrLM_jUSpmEbpzQXIz0QcKjkQrDrJe559OxxF_aai7zc4jJkjFLP7Mg,421.0
EU Red,fq2CNNEzU37R4s9h0GzvfLHAVAG_A6HLKdHER0jkJy2gT0WP,3IDnpMlta5cIv8NOlR97VVIHmzJNwuKe6AQLATFtVeZULM4WJQ2A7_I2,FCpx_38mM7IZS3Df-LzRGlbbiOBMnhIrKDLRTIwNl3-xIhq3FaPF8qzEtsvJYJe7Qy_x_e8qKHNfeA,315.0
NøticeMeSenpai,mmLpJztMzOukNMmzTC8dGy6q9Vsk2mctPEzMoyPsnp_SB6A,OREiOkV1BPzKZt6uQZ5EbxCj-3_oyXCx1-F4EgG01L0sUXU,7COTjAZ0kGqqmCF_U1lfuf-CkGJf4EdRm71aY7gn84RjvEh1Cc2KFtCen5_sBfVBAKNABblsXqDKBA,546.0
Mr Bluehat,9Mqfty-qvS_5cRI5-hVrWrQM3e6Xnd1dRebB_M-_XSojn_g,nOvLptycSzY22zB403KIf6-DgpqxgMGQo2A47CmQ05Vu8s3rfVoll_8p,qSw1DmXitCKpy93uOQG4MJLAMrRt6YzX2ZBzT8LDOzIyGHAaek0P3NZ7HJO_lkXlg9j_yUD31Bw4Lg,204.0
45tbng90s8r4j1,I8gHrDoTh2EHAZjZdM-DEguEoFrVFG4vo25Q08cg2gvN2SZ8,U7jezoKVMYvbJJJs7WDYKFajfpeLZELZz02JBA0z_yLxg4-ts7jdQBYU,33TcObRjYunSDu7a-WH30YwhDG_siMZ_hZ3bzNvro2b82vUIgbriCwnL_d4dV8EKn893JJys_i14lw,106.0
FLY Diamond,ZPQ0yjuoKt5ygoP6gTrWi5se1To_-tuUqySO9kWvXwK1bR8,Tk9VY5P7w2MXEZyTUv2doFYNreKWAhQZppk4g6HWNZTNOg,2nX087FIVZmU2Ji31s4VYBcLUHt4Pw2_mvXghZOkguqBLZEqsfgfX2J4mg1rcu5ijuLK90RpHtmIGA,362.0
AhernxPt,gWFH9O0ddnoFyiqQzCZZk4XvxNtYihGM81-MbXWNEJJ9nQ7u,nrKQelmOq9xfYjwOkbobvGJqn14b7RJrsZp8FszjdiFjfmIqaKvCRIte,mcGb6LxmwYiF5gjQh7Y3r92TTzIEIcPCDbagF_i8zefOXkuoVHPmAcWwyF3pBZXjZyup6TjlFdYChQ,118.0
rehcra,rHiOEPQptJgfV2w7hoqkOTmwAJgC8Sq__CXDIUsSrvwgUKRwEcBj2jCdOw,_ZqNOi1_D1hJFeKFxIauZvlXot4trsDYhBGVarcnthaLTiaKuerc7Kll,sVaxjaiMnJ6NWPVOChjBEcOwyQau2TWvaXIBORbTlSLDsTAP0anD-YnsAwwfClOJLgNQhkZ3apof4w,87.0
Dime,wW6-PsUrpTe59coaxofgISn3vMpWKxQ7sw86gZByaPn46sU,Nqh9_LzPPkk-Wo5rtcKOL9wviqwYCAWCRvXWd2rLgnNanxM,VgcfGSMN3e1UenWKDGYZP4xnoBWgkgTvUBCsa6DQFKmYDpidrl4TUycSt5xY4eEzVd7jtFlQfdU6ZA,570.0
TTV chenchen53,YsrUkcfkzMVYvBaLRQMeFxVKHFc9wltAzHSIMuafGRdhaIcE,u49f7z-3BqF8zrwjHanZ3ElnMhh1ZohPaxEmGsXXIZAhM4qS_qQeT4Uq,d5vR3Liu99RXGd7z-vBKUvE37xaJaRG5ygxMTFBcL6kAuW550AQDs304KwjpSPAkCscdWdj0iCB_Mw,410.0
hao de ,AdNwxvhwG7pLBghgCVRhwk6szSuO7p_qVHluhC9bv3dBx0iNgsfltLiyog,WpHboB_tMPxyLExOhG9Y7ElUhUzco1sjEkYF_j6ymweODYqTD_fF7MM4,Q-oSyFqz2LFPwv8B4eRDjVvCv2k54tD855lrCpUnwG8iSCpwozHlyVrbZ4vt5P9lcFcRSoeppoR7jQ,263.0
C9 Copy,OsgMDUngUYpm01n1rgQqkScmlSOY0IjKeHvJRvIU9tI-CJE,c9MVH0uH3OlI3dFk6nQUduFstyTiDf3XDL4bmOj93cdrpQ,SMksgg4Czh2WAqvmdA5C8xLKTsscuoNxMjPEE_MPbtEe0hCjAe9hs-tKrxHjEY651x-EqjWCNUL-qg,294.0
nifty jg,8xm8snxLEIiUGvH5itLusMScAfK2cZ4N9IU5_dqX8lHMEvQ,rqlt3e42UD3nf_0x8lCezuSObx58vJO0g4bY1VkNJZNOhfc,3AjwXLueEEw18aDxLaePJI06n7CmPjjVtueq19HeYVL41C27o-EHFQs070xv5SewrT3HnEzfJWquXA,229.0
admirable potato,tSZCUGKBUFm8enJA4nwoU81gXjJ5yGAZAG53HLPvm1Ch,eENWFFH5MqFwXv5-XiKHIHzztQaO9uWPMwPakZOIRcY,OtThMZ5Iu8F_JxSv280ZR7Mpx-_NuZQUJQ_t2hgBRPONygt-aA1N8DviAGWDbQgwmzgbAEwVoHy9aQ,531.0
grey9,WbjWusrsmGzxXDe7jOesiQ7vTv9fxhEvKXVQTCY3NZtqImujiYEN2vTNjg,F7fOqXQDt2fwn-SzofRWew_UvJxfcHdUqbEbfXP_FwM1ATmIxmnBvoJn,aVpOyL4C4JhbbqM1lCJ-QPwxHKVTq_DYeH7xpXloMdLGvlr8gRpXrm4tv60aKxaCzywQjwAh8__xrQ,42.0
Pobelter,H-UGFEbCNQObVH_3V8t-t8nbN4zP_tTsu2tQnW6rIg,eJ-UvlG-Aym7X-VZj6MNYTGoGxA3PpyWYxMTyM1bDg,lKYfTlPnKHgfpeFnBRYjdXctPe1-Ei_uYPKy0hTehbjSBCcujWGROOeTS9jP7agOdBkjuawp0DBElA,349.0
xin dong yao n1,ki2j1yv2x8D15bis59znaizO19vZF6T_O25-Wbm6CYAXxa4,grf_C_O3nJ154sq3reLbIhYE6xDYoeTRImWh06p77274kQ,TfDYpNz6CeCcdPptWDZqoYmn6z32r4uMNUcX8OiGd7g9P71dR7Lpg4ym_PInsr-MWCpMt1GKeIz8oA,197.0
Chime2,2MfWR5pLSCoFKovnYNODYcsY-vYNF0Vj0u6133P3hQMJ19ZZgsWj_I_bWw,DMmZMn15_tzZz9XmJzYFRULrra8_ObkjSLnxBIt1NdLEJmHdgpY-V2Fu,8hmmPXQRmleBiC4pamCLsjg994O7H1aEB0yLPUKaYxq1t67g7nMoYF2lMbbFDm2evNYkVh79pmtSvg,107.0
TARZAN3D,zXyQMBIXRiN8y2i4Sa7nTBOO9gOXsz5k2aVQAVR7CZ1NGhkj,xNxluupyQE4VzkOQyJVL6niQ4IocMEb-Vwh3YwxMbWc-X2XFoEXKq5n5,BHFhW27PgVWe457G_HTGDOHMK6AodFabUusiJyEZGSgXrfOOjtn-WpNRt0sbo5yQYrtHbqWm4OgtYQ,111.0
Kind Jungle,0IicSiRSvjYe1fjqakBnPM2eyM-Cpi5hXH-U_6i69yeU0gE,9UgtDvoEcK2Io8YMjF6g26PCE1s3GhJuKpO7o24PuY7-Tw,A0ATB3ztgDzELuaQMQFtQngjUyYUT3NTr9pLnYXUIaMByshGysxTOkB5wxac4mvgeadnJesEN0TmWg,564.0
Fight me homie,1e4a4V677mbkCaopb61kBpRKVrYWhyO758QoDTabNrM5Tzk,H1pEIO_Bjw4NJXpohDfJ04dgIYSH0qO7tt-kbgQJIznakQ,nj8FvnWSOOUz7v17tdKaIYDfGUHlq3BmDwNU8zP54YbKtkExXlQ6DAKg8jRuEKY2pJeYCA7riDDohA,239.0
Dhokla,ZmBsVxj39vHV-iHYj88dX7GxSsLeEzYHCPntb6eFqj__HEM,HkBxDAgLW-3I_QyluwW-VS4_3bBSnD8e9kDgRO26922CPg,Kc7MECRfmpyzSksGECNbQ7L9QV5zAed8yWRh8b0Ny0oqxJazOdoQmi2xZsFUpErSdseM9O2_KID84Q,517.0
hoidro,C97yrACa7sdQJo_mktZOFZeYsNbnNWqKYZiXRXYeScWaALk,c7pHM5_1zaFZRmgpDANtqHH_eMwBwqpszCLaDro_jJpgAmE,TXf9RY4IHAuhurlkXOdL8mJP6iKes4DSNYBfRo170jhJ1jarljt2M8wY1TFyLFfoCQcFEtnhIMlvKQ,568.0
Ariendel,mClWNx5T-0IUYXtdOEB7cpVq6I2EqAJh9sACr_0Gl_DQtFc,jit2kx6Bry1ceNYmrWp1fCBkaBl7b75w7WTH2TixKXaaEw,TS-QRYj9KN6lJthEFfHuYdmAODtkOQ6V88JpDTJ0S8J960MvBdsa9UzdMwghurg8Suf5r3ZQ6BImJQ,555.0
RHINOOOOOOOOOOOO,Jb-G3NuYJhH9oJ3E7sfW-Waa2uLJTKYwM1KqsOrwjm0XH_o,sFuFlNb9rEsIhEZChTSGIYaeRBL8J_ArqEp_J83-NdNJTQ,E3Lf0RJpXP-GUwNzcrn3ujQGV5bqYcVcpxi76KECCmQI4how2bIvUgxOh-ajJWnQtgsYREPQPzabdA,203.0
Haru Urara,ld9nNOZl4nuKtDRkuW4hOFkYbacBp08ADnstVEnq-0ziXX0,z_xMzfGXioB1_v8OcZ8dTkROz6r5u2umDJX-QZSL0fQoWRo,xqGqWD5RqjRPzA7YDj366jXSXPw9rA1AXwP2qOqwcLvOEnfbJFuG9r1nq-zUKGAmTopD_aZ5Wzh4dg,601.0
ADD ON WIN,MnpR5uIYhlRFTkgpl98U3GmVCUO8mjdOhSdav0BBme1LjJ_6OaXfYoLZQA,dtU9cT7e1H3cmaTK0y0qS73ooKxpSS8WsP-NCTs0MAJa37khrVbiJBFL,Fjr4l4_9YoK5AzNrRg0uqjeApBkVeMnH5bL6JrCFg9XhwjeFeZf35a00RDe5C4okKTj6VAjSQoOtqw,88.0
Chadmaister,OQY2AvJU9HNqMBJ56sOKzWOXj6XPLf_7w9ewd8BkLboLNbk,mFTlfff42rQ6AWn2gNVXTRglmq9T9NP6pgwVt0lW2L8lsMLe8GNna7Tw,T7vbmq_zfey3Q30DjYK3e_Khn6mZFyppv2bXa6F8kgQ_1HRnPQzGd0ZqwF9GNssiiLj88hhzq1m8qA,95.0
no invade pls,RbBEJu9TensRuiu1O2AIThS4DNVmZOJzR6ITN79fiW3eA1o,1wp8b5I27XJLv0oLIQTNqyZIuhMJ4AGOYFyuPhGC4qns-A,Nt8blJ29hVaszKhQ2JCBGL-Z_lfI2arHfrZFFxyFwSqaObG_RHv3APs0NLC7vBKcAtGQrcRDt3yq6g,485.0
tempvpqwqeiqtcne,mvz7RHtyzcJJpkPfUcKIWgy7tCdjUUuQVnHNe7AhoTdwjICos0lFvdQbfQ,pUc1qtQvrL16QwfGyabcwfcNK-BLx00leHxnryU6tIcgOmILnMd19rZ1,z7Bgp_4RmoEzvcoEwgpMiJHD0bz7L6ORzPB4tK40eqxjfdVLEgrfBGFYrZHLZbgSk95MMq06AXu0og,91.0
Mesl0,yjImHqwcKyHel8MpLEESgsTCM-38qJ-Qa8-9KCTktE6px_X2,v0ZhvP7EiAt9w3rFmz4CEpmUzKCMmdAMDIuRZK5Xy_HxcxyqnnWRBnGY,OCcCaI_cekQstB9oNZlcUDVDN5gNZXWATnIElxyRqU9dzOqqBWY6A1u_iQNJnOY3d9eRONJzqdxdfQ,128.0
Doublelift,2lxROFS1eHLuxOYirDNV-KEK8Mgggp-uOI8s-MqN1mUTL0M,RDMVOqqNeb_RY_fpWqLYL6Uzb7iA4K6Xx1LvaUgPIu6ERw,_fBP9OL-k9saAKIBVhYA0AhFb3FOmM4Rn0Y-vp9PJVPHGMobzJ3hG167A55i1oM31G6Vo42O1TmafQ,309.0
CATDAWG,2_k83WapzRMYe7LGhMVb2AAnG91z6NYQZ02FTSkhsHq_rmk,nF9cwXYAZoYUZZuWOWF3e5L_b1ix3s_D6Z-JCiJQLO2HVA,4fDejAU8cwyz6eZjzpXp9rMH5Tb7Jrxvo6M7mDdZOgfLel5gAXAjaJOg04UDb0oxOBCsVYPQRV00jw,493.0
5tunt,FJHVEJoHTEk9PWbunhCLPajvuySRIBkGEtnhyW16XUWKIiY,lA1ikl_tGaHHis94B5Azsozst-OZPukJWtJcp57qJ1enkfo,WFBvtIhSULfR07gSr8DCuVjGZe_NTY4r3Bzf5epWiflcb3w3KVam1lzzfsE0I3WplNJE0Fc-oNpUoA,360.0
KatEvolved,0WA47PIvhbf0P28aWoq6qMbpP_lcZlRrFb0ZdRib9nKykyc,2iem2eXrb7U6fLUWApXMThXFfyS-Ahn_acByRIZ_NHXOYQk,OBtUVu4Ayfz8SFTQxb3lDEEWqc71bXlElCS2twP6-XAsxHdbZMTafI9-Koeg96wo5vQl96eaiUcMxA,522.0
bao bu dong,bE1atlinoSxmT7zlKSVvDTV5CNnTJJaNfACGhxzXIJvAJjLK,oMkAaq1nloSGM23pyR2cNaQ_FPGf10jio8fDOZTrSfwXp8DNomEXqjpq,lLRkrJiQiVAlnWVkfmVKD0g6-HT2oLEhROq9_sEN2n0DGCNPiJ1TivhW2ZqcRTs98Pi8lnBqO4FXEw,220.0
melke,jj_bft8Tl_TMsxuiZjrUrX-dJLeXqHi2XV_5LmcheTyoW0WJ,HU5od89vpbIjZsT3DFfX-l8OSF9BERlE8VKBOjJdGE2iA-N9DUs34Vtl,3kRwmiGzRcwV9suYrExNVKYXNYPKj6Ulm1H_pTfto9BR-_DSgaIaEyYR8DzzOQbRiLnFD22of49aJg,248.0
Modus Øperandi,xBn-O1WPbR9Pk86vt1M0MWctCRBUH4u5Go1cul_Tzq80gY3x,vfvhcpoK9QRTOUrqt4s9PxpXLbJAKPWOyk-CbHrv7QnKX3lGG2umopNG,xFj1J0PM_gobbagonUxoSBob4FNE-lmBJrpDtVY_0BUeP73mYoDjqnj1qABwwFfvixRUZtAqkK2rIw,70.0
picapica,ijO7HrR-NWJb7lwJ-e_ysmpEdi0PBFkwCGeTvUP4Bvi59Bs,FDSGc5zKXfRJtksOBLeS3MGgaG2ps2znjKrr5V89oLa8Hw,Pd46pd3b5s57rr3WOPjvg5jQlRSvHCOPeuMvt_G7XDgmEFjqBieE5JDUmfR9YCHlI0LfRpMfZpy-aw,489.0
Shrimp Cpt,NOZYVE4HtMSfOIb14xjD7v7FfU_xrM6M-D3pBVLbYy73vHcs,ei8ByheZiV6vKAzP4enE-M2npJe6nOEAZjJdgpMvGhKWE1NaI2ukxk0l,Kpt9PVXziGbhensDxsYc3J1ATI0ueD8vPoHv1LNZkLYyVyr7H2dRjZnonQAWv1f1IpkH9CRhll7U0g,189.0
hotazy,JMRDjLuthXZpPbcbWWjpmhY8Zv0m8OV3CwNzo5tkrsi9cRikwDuo3jbezw,us1DHf15HSEYgGbJb3HOeOS5QYGIrQcZh78rT9nppQquqcE_3yimi24J,zWsqt3x3KV0xUYDkNi2EOvErMDHojP6LkkIPn3oFjmV0TjfO9N0ffkeDubCtOakqalc4liaeuZF4eA,236.0
Always Against 9,5s5dD6-ebvrg8GOAacpuTZ2rRdiQGgwX5ws_auBmJ2h9DYoF6wi4YkXbpw,s7ehTBzBUNduu5wlo_olKWqh_jG5mQ4q4w_twlx-V-dkoKmHI0psyRMo,dmLSn5TnaK8mGPeuSy29kjXnA3ON13Qt1VCEYff9f7EsLz7gwxXOWZU-cZI1QDQtpP8_cRvVomDesA,97.0
Bon Garçon,oLWDJaBTohJLWpRhF-vvN6XjLC7XOiyvREFrzKD8MXt7GMU5,JutsAqHxX30mSUoFBi-XlfosNu0ZtB3GO6MhcItbW5GHOE5wC0ZSTVcl,_q641aDddsuq51w02tVOoHwy5xqvXzMAIG06iQ5CQTqTYUHDua_pmCFCNGWZggMnW0DaMNYz3KUBWw,60.0
Bot0511,8xrizagPc-2s1sg9VluPIiuRRZm2wBQq9zS-dqJd4RsGQdfuAMyPcOIDfQ,wEMpbCFNuXg9FnV1ZEglYQ9u9J2PenkVD_7zoaf6Gv9-5E3nXdy-AOFc,npFdswGnf9ywCXKmAdki4BAk7AjtPDmNSAsNTuHXSTwaRAhjeZ6j_6P-8ZRGstflIwQQrnVRt-oUoQ,45.0
Szochs,hloBHGfP60UqcKCD8pML1LVmN24CtOxqNE6RuVYO_Q7pzFs,5yeWv8p5bqJypvl_gIo5CnPdeyyrDlbYm8vv99bnJ_ADtA,NNubFN3_-zx5lNKIo4vy5XoVfmIzAuuofs_LvPnxFz4rKAEng_mgWtA9vWJAyNVlMKtKYLipJ2tx4g,368.0
SSSean,LZkby1EB_4_RdXuwAwWQaD8B6PkP3FwRcRrOwwEWDEseN7fg,8ba7AijuVT9KnTY1AMCoe3a_pnk9msyje-pA_IFM-B2hWfeYilW8tBkZ,EsgDkpKuSnLa1uTkBqVwpBTWahozsrMeUIHdf8qf8OsniFVfuEO9QOEkx_4GhzddfZ8PZ2vFKfz-Mw,398.0
The Tank Man,GtW9m0pLLyYtSzOC2gOkT67edf1zkzN2oeFW4YJIu2zx42w,ypYhylrRt9-XKcT_z5qhYUSQvpC9JLbC5cECdvksPSlYDMA,v5UGICWdJeueiFafPBPVLx0WYYU9fIN-s7VPQ_gFtpwthJSumsNFRvJrGOl5aghcpExuxLGtKoUMaA,474.0
767602,wM9mDkNEohukbHuh-XKTnzA3ZfW-rSOS8foYTSDdV0-pi6V55s8n1JM8SQ,WZ7R36KxbxTdZaPcFpFoui8H0PwTq_EdspR1zDFxPjCUatX3nCSRhfTL,LbT54rgTJPRRX2OW7S4LgINZdmmcLrzCUcjEVn-mNe-OQR_kF1qh88OlU3MMC6XbP-AN0AnkhSkRLQ,79.0
ad player,27xTnega1CaOBygsuIoJs6DJbTsF7flRLbDK5ocnSThZ3ggu,_Zb1AZN6axtQb4FU25tkb56S57GZcldBemOa8kxEutgr3L_dgCAitYS_,wXgpJfd6QNlDX9tPW1lh41QpKJ9MQJDlVzAZtfeUwch8DqNuxDLxlD7Pnl0eTV8u4EbG9ME-Eh1xTg,187.0
buster131,mCJGKjyyOGMmGMgRLz8xXIcZgoeVow1ybvBjaJhLXaxQHnE,x0nSz1jxhhI-iSx72bzB6pzhwcd5540UIFF7mPPcrqYvCyU,wqib3KCNEsukEG-gABo3JzJWQW58SS2fNnkk_lsSVwQdE5Zv5yrAZS1iRbylPs92W4260ay1yeizfw,512.0
IMT PoE,RiNnzxaOQz-YKe0rbNMJO2IfoithYJ4kLntSVCTJEPf7x6c,KppP6C_ktCSEqESm7Edp6GJivKHyUzu5aPwrvsvKTKPwCvw,zp5KlhMBUEXWls6nTmfI82Oy09GS1UV3yv65STnJEZgCe3MCgHw_ELVvmp3oHDu0H7wU6Qmac-kg-Q,304.0
Kim Down,jRiXMcatSp01rVjupeOsjxFiauIvvPjtvW--XoigZgFLq1g,bc6_zOHDZq_ELEY-p_KsTCCI0RGNst4JdBOoDfacf_Cz19A,A15SaeB89lGS5Leoxy_dih9lnPakwmULeHfrTqbwR58e-TWbgDNQWIpsqpmf51psvQLWdm2q_HpOUA,469.0
ADCADC123,GAqRFWGyWk28MgF4kG0EWYACG1Xiyiy-ji_sQSAdTx5im0sV,zwyt6-1bvx91D9r_ymd5qcrDkv3DQGfy2TgIJDLt2l-HML1G5GRPqJOT,OTQWwbA37F0flUMMBO4o6vhTwhlmqa_4yoPI7_FV0YJm6IzYqMm59-033a4PSDlI23sM_GlWTegMiw,303.0
Nim Chimpsky,0uK-AegQgP6sNsufulKRy2RljBG4RpBvGsGEx9glnuvhm68,H7zH86TMZgQCBc2H54NaqW7njx5HD1ifPHwDvvc2KFDgSbE,nK2Kzz1cb8EdE-upHmjhQYVkn61gsNvjo5fEMf0eK1k9eo7ixbVt5lYvihwSNv6DtSzDDCE-nHMUEA,575.0
Maykel,Pd0JmjZG4K-DzN3DeaEX6QT7yUHTCVUbfTPCjerkWzv5WSo2XEmvj-03vw,18tneUJGxMpNGS9fhFNifWwZYLVm0hAmGnN3KZdcUCAmUNO8Ga8NEJ_c,SkFeR1LEK_JTxGo9tlx92kBOts1lW_Z2RgDT7lptr6rTKDLBaOOS5nkxVcrfpVHEly0XkXqyZXrBPg,131.0
kisno,DD6wVjKvWO_Tvdk99x_xT922MCLAe0mHJJELrDwJEdyMQqA,1395DMy-n6LAdTfCyr7lEBNKO0nB_D-GEmo_l1hQs7mlzug,bjTcmZr6pgmZf0_cW_aHgx4lPHjHfdK_4De4QzZfrEsoK7MNB2Jg7ahzwm9djrhSbdezMTZ1afulQA,347.0
TL Jensen,h19Qqj5SVUlRwDBh_8605DT6Nu1dSB3Ze3SJTW5c0-K-7R5B,BdOiGgXYlz0wYxmZeNj6xN3EWFA3hEN-jAV8TKhkewRN9bOo88_6RJm0,f3oKTXj9j7-z61yX3l7395GW5MsmVx6iC5S7Pn99sFH6eQd6hL96EGGz2h6CK7uzWaejJ7V1ZLX4tQ,183.0
cupcakes29,rj1BKPGOwIw4452nLhXOQGbnZptuRuHg2oBQrMn7quDfYEc,sC9RpwT-jZLh3AicVYGcY8wHSx2sOKKJ9HdCzVSQRqtirUQ,s3aELVZ965Sti6gkeT2SHPXZJXsAmJGW7p41Flu-iDBUYbD7WcdBE-78O4p60TWt8GU2BQ3F22a11w,263.0
QNTA,Pe4GJHgBdDdhnmUvLKKNP0Lxldl5ORmXcYFjz1WgMvLtRx6I,imibaGZ2Q8YIAR6ezZsB1li9_dqYM_XDwUJYcEq5I325gXTjUs3KMEw_,qYdAvYUH5ESVR-xZHZs2q1xRzpqrar7QL4l79uInJf1Is-ClC1iENIMv_CrbsrbHWzCuPlWa3kJKww,220.0
Faisalll,fx8LrE7LPirc2nZfVZpdXtEh2oWZzkEROwaISpCXaEvBGA7Y,T_Diu_xDgxbuBCujfwF4ST2CaSfWWJqsPSOUANxWHQr-D61cYqHRfG09,FQwJApo52m1-HVrt-0NW7s3MljJd-prMM5sPlEjQxdp9vcTYD4dlkgcvuIS6yr3_swVxKQVkLS2ASw,164.0
TL Bradley,fJsc1dEtcKL_QaaxGg0dy4OQ0ad2xIYoCvNl7a77xK7i5ww,2j1apizFzl4oZCp37NZuvmLgYnf8jI2fh50Z7LP-wk34Aw,ifokmbk5msk67OgRIQzQYzrF6u1PzxHF6r8E97VSXT77CTtlrvw_gt3kYFdB5Fhe1oH3NdK84aBGNA,491.0
VX S9hua9,Y7kBMJsEwIv9djeBzd1N6oK1Nybromui6H6zIQ10JcF0dCd4yKGO9QW9aA,m8C3C4ERLusf83bWBPioCqPOvmo71oEV9vPUQAWQFKjEIFpSEtSCE2HB,q7DwC00T4SdxuXTab83vwhT22qt4t9nGyGzz3LQLKvQ2iuVVVE9e45sYlAY5Yur2AJdKMtxix9UcFA,75.0
dark choir ,f2noAf9doUfV5X8RPnlyr_FJeA4Q_yXn2W2Lk5qFKSohmAfYNFERU4ReoQ,flupsciqiMZVTlz7blRDTxepk3iJM2-FlJB7dhb_HOlo-u0xVk6Cx7B2,Vool1qUDMF1mdL3SmMz-JVvlieSl2qxgcR0ui6pla5wXS8v5121Ybxi5PuPOxIKkuHjJKf-Ogb7Vrg,60.0
Zenden7,VjXxlxbFH3rmFpYRyW06ONluY2LFFTTpbX-_n2koGqJCteY,q-vGuWhHVKxL4OrWZdNodtC5XwMTyWVsMupOREk7Ip3Gd74,Kq0PRRA8aZrOhX-P5ZdTj0rrS4julsg9uS4-C493qOh8nrI_k2VL3q6iadlqV6G2hlBUvM15ISyKqg,223.0
Cupic,DQqMCE3phkyWjpWdHW1RXkpO4stGrqGiP_xM6neuPKd5h5A,tmTsa69RcnL1MskywZxDCOP8hFgNAM4EKA1sXi27i9PDVZg,oYtuzVUtOvSV_OauVn0DJsE_CPM9SV9o18HpSb8UcP4aNl3YbeVoMjZHegpQI8BAmXBqd1Wk2fzY8A,298.0
tomeito,3rtp9ttJgK3958ve3Xm08vn5yTRB3PmhN3cu-1JtxuX2uOI,ABXHnvNdTdV55SVgUAvH1rNi3BFJYL6hxfRKj0q_0ZJDmSY,92UBeOU2C4mIP6h3E-rilJHfNDgkXCVp7TBECXN5rrgQCHbbLuTc_V6olU5mGcVS7xqXjC5jMhQWxQ,396.0
tempmesyfnyiskkw,E53CanjTQ6aBYut8jgER9z0yroD5JYZRoMc-py_4DTAAJNqKlGzqH0uOuA,BLzR-XePjbLAg232XVu1c1Ottm5FB67Dm_1_IBj6FF3QC8knegEzRsF1,cI4ETyGMRl5-3sM_RVneW7KhuvX6P8-fzwr5fFS6tPU0C0dSBpGgBuHZ2sD-U6qUbkTjhv9RTfnCjg,126.0
billy worth,yKCt2umdCgjroNRlI_QVV68gaTWI6MG97ZQEk0z1zm3aWxw,mQgHPKof3raiTq4HpFeZ6YfSrx3Hn2yNRAKoZjtaWYaSy7d6aG_cQ1B1,chre9wxJ_5wQ9nwPJj6jFhtVI7yI-AA26GyOdb-bpiYLKsRzmdMyyy9lear14WHUXuCm8cHee2nJ1g,659.0
DrewDozer,_ZyoxhOWXb-avWIRpJ7c0il17N0hYquDo_37lQzVtDq9lVw,bX1ElRHM2j8C6yCrbHsu11TutxHm_-CHdJ5yw78dZ9fCqk8,A97Zywavjne2YGQUki1lGmp1cwldo4bhVob3btEtKepJdV0HxMQec4XkoLGGfY94zQboVmjNTB8bjg,572.0
An Nuo l,vvsEY6pJ6Ydwl9YYPnAzhJvXITUnPLIUjPUMCWghnOHzaOs,Zao7pLTTbdYnOVw-BnwMhRbNngqkzZ9Kk928URXwNMtotb0,jGUgrkQWSLpcIx5G3DHJRuD2-g9_yXdhTr2ld5xVdPAwiowQyfLA8h9gkN6vowJT0JRZxwIThbP0gQ,243.0
Kufa,iWDd09Wfe2zRfnIDTzyLUl8o5zXNzLKK5_-Wy6RsaPX-dP8LCZtiVDFbqA,bJJD37QsOH65ygPrHuRJkNiJ5R51Q7GCcpLieRkwQn8sFE4_jIuzlq7Q,4sqr0LCPaoYKaL1OLW4ydnyjXYRr6lQRgsHcFRpUTCj9-MU0KgZ6A9Niyj5m-LKZ3TdE88hd55-TwQ,98.0
JueJue ÒwÓ fan,tXta5gun8WZPEdeWZyl_cBi8Wv5c3l0O_AEG7TaCVka2flJe,o4cywGejCcxXOSdGsb3CS3649QAIPJttvUF-wfaOCWH0P8sM63GKapbu,UQ6WVjMnE0HL_PsMMajMM4ZdtdUKWl1eMGn3pRPOwqU-VCEKZ-MIJOqAgc6GW2DYk-oHwOAeiZ3nTg,51.0
jeremy2,B36TcJzPVfYn-MRKrTdRBXeTWjY1n01Z3ZczmyAsLr1pKpk,S0pEqBBFDX59x-Rt6IzdE7mIdLx3MTZaFRytomOZtUub_2M,xKHkarQbJj4xb2f_edUC-82FFDa_9zBhEJkiY5U8rZUsCbFDGSmy4UpbX5qGTUkeUbj6Q8chyIAa9g,437.0
seal on top,RDxOHTueuYEYDN8U1xLuMgjFVHhPkguYNpaVXFfIlRyyZ8A,6a-VRdTHRo0q-uiQye2rQRM8BX-BO8SOQum6TBXB-uEQ1g,I0_YAiIi5G9h4KVMdF8QfjODIoovl8aZMjs2QZTop39iIqijT63kjo7254_NkoA32MiwaVXu9MQSTQ,244.0
The Pulbarizer,yiedAqVLKJjHjm4KdHPvNHgXjJG0mMp5MI4cxdWqEp-h0WVnsKA0886UcA,5ozLeHz3t3TWtz2JxRgI3vZVlv8uesTzN9_Y_o-xJr-6rzuYLBBUJ1ps,9r7rFYDN85lHX3itgkYbfDqpVxRbKziF5O6I1nM4Ku_qBon3-FGa61IAEyZbTZXycfApuasphjC44g,71.0
Raneki,ani--9AawF1Bi9qL7nc03tl9GDcai96Xwk8MKXRHNiedp3U,y2C25e6YtTpd8u3G9nlEjKAS2n8F7kyR7aLOKDuCQx8kGic,kMX5BU9juy1hhDgzTtJFo99tBK1KQuQ2NIpKLU3sAvPkFXku_0FChVwXA4CH977ZwCHat8HBticVJg,483.0
Mei You Qing Xu,ecRo24ylRmeWwY_23eB9Wymo7txZ6Owc03o3JsCY1na3WLo,oxSiFAufPwDT60GKiW1L8GI-o9AviHtt8-Kh6mZtwKdFxlFLfyiOLQ-P,ZFBv6VlmBJLHmliZZce1soc14hjMi2vwjb9eTyduyP4Q9OcBgovoJwS3m4m28VwPRtp9QFTl3ULGfg,574.0
dtro18,GvwCMoO4tBE2CX6PMBYqaFTAI5bT8H1-25wcUj8C5AmpAD4,QG2o62A22Ws80dTfqB7_4PD6QTPeSKR8-FVuuuFqlDr4fw,LQHDmjCPm0F-Z-MUC5mN8bA0LbkgZhDbCkkQnJ_gv1tO6wwA_hMBEv9611Mc4xcYmLKuNV5J0Pjd2w,462.0
Hogang2,XVMARV5Olzs4a1sG_zJo01nyQiiY2IOidZsAghOB9pMoqzQppfOUORdErA,cPE5d4qBI24OiBTdNIHFr0oIWSRYJAU6BFFu_yf1EJKaGPvZ4g1lZ5Yn,p8egZw488kYwHvrBk5CJnobc4Qorjky7tZVsBb_t_A_g9B5AL5TmTq6mgJ7XspmA9C8VDHiyvNPtYQ,96.0
C9 Zven,5cCWyDWZhQ42-7gZ9McRZNLy6VoVPecL1ab47geii_mljAg,-zB3JSbxoumGwd5tC_qqhXqsknts8blQjBSQ8l8ffy9s26Q,3vrk-cSOg_cspm6WX3KofiC6m1BunfVh8GKMSvIZ15maBLnULQRLxg5WiwQ4u6HG_ElAuU1B2K0OCA,471.0
Denathor,VYP7CJsAaA8KQsTjhtDGXg0VWPqPng6BMqZbdd16PMTm8g0,gtU9qEGeI3wRikO12qJjS8wReq-JMdkT6qcWDge3mHONrg,-LL6NSTXo6u0HmWGYn6Bz5t6DOx2LG7iK7WYBLnZZml9tnmNDIJ415g5J31XvBSMVl_6-CMEk7dvrQ,279.0
sean twitch god,Z364J4UPJkRbjt7lAiaNfMgC65fs0srF94VLszoaRsalHy0,jLXSFuCmX7tZGaqAb_-RAkomiyE0CrSAexUI9Vk0BImD8Fs,DirssQzNOL2Z-4nUtll5ohoT2279xcG6tsAJAzCZK7V3wUVdv_7qiFRdfCrRfYozA1jGPFI8SaXMwg,228.0
yticanet001,LGnHqglAuFTFiAEvF7uLFc-BUC_JrfvLjkIcHyB8qxnZz0E,oacem5Lt-XHZ2fnzk1IKMz927UxjyHn6H7WWQQJBvvkQU1o,RK3ZwPySzfo7h3XDQdDa5869aKisnCZOLVibPFPRoQm41luQDGzF0JxN2rVjs1_GAY3V5FZF0z_qAw,178.0
JąY Løve Kąt,0I_7uhDmjojn73gNhV6bWHDWpE6fBvxoSxQfMvvyzpzEaj8,Q8paGpTz7RYj4E40hzeBzmr-5e2Rvu4q3XQ3erYlFVLStro,EkBDv9e_toAwNsqsYXqM9cL-uS0kVUnoJHm6n8yj9ZV2x24owXwh1AVD8SLOSh31b37pQN5gD_qmhw,591.0
Spooky,v8VF5GqLBQd9XhI33GSgkFZse9GkYbwA9DD50z37wDKuBN1C,YsAqQRTRy6x8ox9xbRtFR7VtlzoW3AOdi4GlYiQAsDGTaP4TI8tE-ats,mw_wHQ_GWtCzAzGoA1h7xqii334LpGBdUAuZqmq4RqeuPueHuS-M04V4Mzn4XnnR9_HLAfgVUhundA,341.0
Veerchand,EE8QvX-h90w7Gu-NAD13hPlTJdZU6I74FuAMDD5BJYnHadw,v9l_M0-nOQIzQIHV8oYGOSfCCPfgbPMuO_-T7ijKCqiu2QE,FWUYHZpHR-sD7kGsDag2qTQqzpF31Rw_FfvAVliHwy6wJ5ALMW9pd9oZVPU6FMX-S7HCOKq2-U0B0w,466.0
AviIio,lG0QjqIowZMsGwifLyZ1TgZ71_lKHnYY2LSHX9b3_QWTurgG,Et3CF3Yato32Ebzy98LCYgmu7dUXp3ezgYQLFdzQIJuhKGqBz6GpuVe6,9l0-xWGTH-XFFt3zXQUagIU7CXhRXRJS5YwFAAKoXQZhhT0XeWMV5icokMzMGsM9dG9PNen5UB_0_A,328.0
Nikkone,fbFFbukiAihK32GakFwbfIIkLf8uEIRDHynMPmlVwotkLRI,VC5H2Udn_SYgs7VTbrvEgzhfdufyzZkve5H_rqiA0NQasQ,oMivYglbJ3mZybfTy7ON8yt68VAj60ek6PErU-amKq-1OZF8-WU5VuMX7hOXeK5-RGCb6W-2hgeDAw,417.0
KKYY,5QmtWat3QpcoKNtnVRTjLtvGFEpNboYRFkFCtWQvk6HpgNex,krOqFp9Zbsuw6vs3L3T817SVW8iePfv081WkeUn-wTPG8Oo_xjl8y3OC,sDJDeQrnRJrziBfWr3RYGnCtrM5WWw-a7yuSyYV-OXWDz76CvFQMYe4bLw6gkr-Ovrqyrr2nN9Ea6w,106.0
0 n a t ,qdTZvSm077Q_D5jQ_qU48aLt1_14vSDZpF979v_JXViOcN5U,y7Gfelc0lKhFwSVlNvPJrI6wNzaXOOmrMfs8V8HsQYSWVHoDIURuWQyx,nssxxVsFqnkMKll9Om8AG8ty99gh--kXBPpSRR7gpHk64cWf0ilow9OIkZ3wZeP248bMuT3-80ofUg,472.0
yerrrrrikan,2aTI1ieX8mFkDyjpu5OchfG2qhRQwmsvZDddzY9fVnZCAnM,s7vYH2WXOcPVpp-mXhBsDCkLdBlq3uBN-2y4xXTHkrjc9M4,HHGlQTpWsEJv3pfGP0aZ9MCzQ-0EJGfZDJNDrB_Aydm4TklUH2ZfG4ol5haf6nDZmHqVHLfAke1E1g,315.0
ScaryJerry,RlJayaPuZRf79jbfDae4b2Nqirdr904e7qgOSkVIf03cHM4,cQORMx9SaedwIWn6gfmVhP-lPkQ8zE5-D_FO3QHoNZDaUgU,CJbmgmd_VR1-2bLDqvpUyHNNWt9iG8PW0Dd4hg_KTnVd_5CZ743M6Bm2G17CCfIL4CCoE2_X0CVjJg,359.0
Keel7,02S14U3TNfx91fqJGNgirbV9mwynwyJtvVtA9km9OraHbVg,MAchNjeGmKCv-g58psnG0_JCa1yf0oNiqhrSu4nznUBSbg,tund7BV5HhpCCL43wQsuHFQhMJy6Z6DVzzc46EC62xdgJTtYP1OIdZFgtWNrfYzzIRcURdCYWyGcOw,560.0
EG Kaori,PqI9f25fyuBt1pHAYsGfIvsleX4LkIZQvw-Cahe4p62botHVBP4tPZjw9g,EGU1WXOFWQ9pCr78lU8gw4ZTNSTOXv_NeMqTrfS_3SPAAzcaiaF_oOQm,-FyoKhYujAssFHVF-K9jdBd2aUfu5gvq1wvvsqd_dcBI5QqEBiLWluU2ipfrx4Hr_xd_3c8283TFgg,51.0
TTV LegitKorea,vIGuKagFfPQqblBzce8Cv7eCPOEYSTs2lFK1H5THT4aFROU,KeGf_XRfcTYCytsRuvwGBxUGk_O_iepGZZeJRJO-Xnlrgg,FKhVXVcIWukH4_ldxF268-Ot_8B14yGafrMtmLLwV9kRnvjUX6TfhvGoTg6-6AzSx3gWqqIrwdHnbw,366.0
DK21,cq_sKp__6mTMlNdgdo9b2uPxv2KCEzmiimGJQ5klTVYH1lg,JRkHMlRM-jBJuoqmRXqmQGkWOZrR_J7drNEBvo1PXnE_Yw,gjpOwCihRrUfq5zHdoSRhefDz82i8Z2ft2YnPTAsUiD6NSbdv1EiCvxYDMDJvwkWU_2s2F5APv12fQ,509.0
I will trade,tlXs1zjq7l3Nu8XITM5SnJq4ZHFW77BLyhl4ophBrVihJF-fWazYVBzMjQ,I3F_3idVoBgrKHZCWf7tG4JHdViMWtbk9tnR9Q1xfMsy-5p6agP-h4Io,RjGXGinlniiSSmS9TpyphDVivl0w8rHdBIKB853iZwAoKKfvrotZ3Kc_7YtrBJ-dMnH_BibikjBvvw,364.0
GURAA SHRIMP,3yx1RlAVSuQh5HcOMAv2GXcrOmUX1vNu_5mDnhieQ9tkYek,lw1RS0Lp_Yjf3JpIvqv4rs9utgkGqIx4wVrJBgqwRAb54uc,wkYPCbX7bCeD4Vq4kDUlABqvij9tbCFe0Q-1JI6kKDwLW_sDwkLouqx_60tElpTXwjQGgRsE8RW-TA,182.0
Afrooduck,dkHOnZI8QyueciigfEKBc_vQIgLs1c6Cvsofr0vAiS3yWLw,CFFv8bS7FUPN27j2aX_8lUBE31jJ2lAsEc_KMh_vK3Wn5Q,PH03MPPLAAuiFxehH-hoiTFWyy8veVOq6oMlyjENd6Llny_IS3pG_ddQB3-DDEc7NLAU1qxe7wAdOw,353.0
Scoooped,S-sXqzTpmyHdag_SdSrOMGDl-lgM73Kv9AFGPMDRV7KuG8k,5XfRlL3TAQ85y8fSQepgfpmyXFG-gcB7PJSGpmPZrS-Z1zc,RfE9QS3i19L9Pq99nDd0MztPnPWY9yXYdOuCK9jvj556ZjMBcgXkweb60CblDgVB0e4e9jQc424Gow,408.0
FLY Johnsun,3AP-H1angUat4ScTatfV4N59pejEPXf7o1yiaknaFIrPCn0lk_GFd7torg,wJLsj3R6IwKs1KSJJf9TXWpn7z_4IV3DmAcBItFsd_pRI_9aR-s-qDUH,pGP2MBoqff-njYNSBXfp8gWUgk-agE9j2Vy0vFwZg1inxannRbuiZoF876v2-d-QJmQxNdnQi5i40w,82.0
Karasmai v9 ,7dWjfvO1y-f0xdr9YRoCBLnEZ4YgsfQCXhSo76wIJGo3tlg,H5GpOjJ54sVE3z_XcZPJuR-35OBoHkez4vxFwlkPAqPkSrA,FcRKcxxo22EUbPreqTES8nP78hHkHErtDIZwAGl2ORGOAbdAthokxhEOHPHgmOkMkr6UG1xYvlPerw,302.0
MlLAH,nchAfBzxZz14lOpsPqZpPGko9d_uQDId_Bgj3kN4h4u5c2Ft-8Cj82BQiA,yjERL3lY2FvwHXfpab_nsqAc7rzbCAyS56OQCKedVphsCWepoGTZddQs,cq1teUYsBFM830gxeSvnbk__0eBHnzes77th9YqBz7-C5E03YKkwR7EPUP2lF1d03J5salM8KK8OkQ,68.0
Zilean Billion,SaYQLlPz5Z_s-AYVHdrXrr6ksE40Dat66XdJJtbPLUP-rbI,QzG17Xr_WijubgF_8zVPcZokb1rllPp9_5RQksL0o6fxRig,_J6P7kTikPt3xDhvlnIyfP_ZJzGTX18-rxh-JsDk80Ou2G-wGWAEZhXGTyLQBrlbjLjpuZVBhPzwHA,257.0
sigyl,qGWUPOLTniCJEgrzY9c-Y0LllrRCUD30ihCYwbi7LxuPTew,HF-jGW0PJdj4sLwSN4nGPh8WZm9ZDEGzEC8lVGzJVcNY5Ds,yOdahHNkKNSzl2NJYoaWtXs7TWzbiScr32lkve2SHizTcnAgXPZNGzBe3SV4y5kPzWdWgGSnd8zEjw,254.0
rocks908,PvJMfDysSe0LoWX73VXW829FJ2HelRs8Kqcf-Cb7JJIJNms,OBGepxJiYpkJIhizSpnvZ3OfU4REehQkTjIX9GtFPKwWgQ,9CHPK6Hg-1iKg6F2jMApXc4OlF_nT1qukxQrrjEM2NGD1s8G1aBYjXUjmTVyfRg2_49RdLabXscquw,404.0
100 Sniper ,cZj0t2l3GCIEDoZsfwIDxwUgvfW3OfJqxcGScpnWgTaf6lKuRNVt6-DtFg,tEl4MIy0ddzAkIvARieGfrVo21DVdetG_QofMsP3khBeoj4GcOGXHgwP,P04rtBTGVX1BOfNpEGzFKf7S24rPk1xt_SUIFHBiDjvyczYMvxSKnMjG1tcN2pRaFK8rLErkHH4P9g,77.0
Detention,f-DtfzR_BNreHJjqfDOuMlYRuBXubCmvwZdDqJGPdr68HgE,FfS3BDBIl5Bx1pARNxLmkym_CHT1GWT-oPwGOZB1Xs0--w,YZ5isBHypGJ7oIA-l3DzGUY_9KxU2KVZOhykD7UVYQeyn5raZkggKB2Lzy8XKZBN7PeAYAymSQe_sQ,656.0
The Crazy Goose,YinWFRxcBksMRc2xqsydcHrBGcOwnJ1RfJ7niTxs6f3yr68,_G_rjpBxD5eYJO1Bv3ZmaJlvZj_QaglS6-poAEA4Gsg8vQ,FxSqOk1MJF5rxMVdPLDFDB-B11kskeQvvR1NDmSRpvlsoPIzZg71Yq_WcyvrOUzH8JwmF5mRr3zj5w,576.0
pangzishangdan,vqkcE1JFAGGYTvD0phWbzcjabho6kdz9qBgUhPCG5Hb2Lpk,T6lozkJChvlWk8Pl9VYUOWT2I73a9Nu4dR_FH1t0f7NUVw,v8p_XAiiq42GFjU7F-VedgJcmudvcu9s7kw8ZR2Uw3jnOqTFza0bF8K5NCGiH4s28pF0RXO-LvzaPg,125.0
Yura1,-4_oDMisCKhFnLEz6J6wYH6_yCloJeyiKRjbBhMPCEhoCcXETVROOGKJwA,mwzSBFubmyajGXQpUvw7Sw91dZ5V36oEkfEeFIV1x2KmMsAqIChJ5Ebc,wlHsIUlmY2ML1nI8vUHp-u_-B1ClIOxqIEw1ZH0yqLsBnriJ6pPZub_fh2kwfoE9NdXP_B_kf1YvJQ,335.0
existence top,Urac-sPX_7VIDCNWbngT6eM7mFmHfo4-zi2Qv_3nS0y-2yE,e92UzfbwqJWTlgdUc52m7MHg4rkeYWlcsDDifsxrnu46tIBJkt1qBN3o,4pg6e0AoGSpW_nl3f7QLXmPc72k8xGPPf92uGEnB3NBH9l_9GWKyOO1lcvikw7B3KoRpAgC9U23rxw,581.0
Josedeodo,BaS-g8EGZt6SrwqRElaiuOQS3zy5Yt32vaxlcWo43crJd5A,lb1H_PDY5EgdkS0M5IXfUgIf7ujE8i9FbXsblBsEAV8T31g,Ep4543Q79FzP9dojmE0CQFtHjF19VYqvxVqz2rghYqjffbD8fudz3lVvup7uhd97IY7TMSv3-iHf3g,371.0
MrBrobo,VgJe9R8BDFdjMtP5XtHGe2ud9Y0rA6hy3Twr2df73Hk1FN0,yWmGphMGgbYxR_SK8eSdPBZ7cBgJWwg-EPKJBMkYhOnoxhc,NhW7dwiCAQtWuj53ajm2LsQniUpBwnyRxJnIyR3XApLeZjydgdOsvzAF-wBcjM12OkqQ3WDD4ZMJXA,473.0
MUSTACHEmanFIGHT,JN-hYpRUq1rN84Zo5uuhvc9aRwZ995DXxmA5G-RBkzGmlYAreMTQ9Hbohw,pwQ9Upwm4fx-3iXpz_Qd__aLPKDcyfqCveHHd9GrJywgt-T4UbkpwQuS,yX_0q1tSHZrXLKPnM0roJcqINx-aXDoeNKvYAc6ZZHf4BPW0nZ8G0cyMG-KJVtoGA_Uk0XpRABXsfQ,138.0
Vanos,bkkrsR_7jnmGUIjipz4Uku4ZkjsRcinjnZQu_jzS99epr-Q,kxOx8LW7kdkhETriSyXxnaosB8J367NHLzTn5rjmmhgLqqA,5_HUr3rM0ODd92IpU06w92lxPkIkpB64JozFa5St_b0BTFbowUinBaz6fM7cRHS5Nvo-hRz5m5p1Tg,243.0
Revenge,ruEUXLGJ-2k8G-W563BWq9bkmEAKFKp55m_QHOeD6ejjVT8,YnGIALYPoj_qJ6IC6XEzFyenk1zww3LD6KBirfCZ15-aQB8,GlwKJc2iQNRn2TLKbbchgr6y4tYPh2eJTmELhlNwhMJ2ruEhFtXGxZARCllo3VRnGNdkoa4_cGxLXQ,461.0
puppy boy,ctx0rmJpl3c68-ylP8otFhid7fnr3fqsV-aSoKEKx4qLDF0,OpKS4mdWIm4yadJmM2bby-FoGvgkx6RC2kG972n1fb4Vc-M,V6_BOb46388SBPDDzYNWaVsvZBiDCrqXvQAbLX5cx_wwIlCRRRdvIZ7Eoi1PImjdU_pNv9KEUdbLRg,169.0
Spawwwwn,fahu3SpBp0zuk1vw8vWght-YmBDhxobknWGnC3eSkRL62fo,qLovEwbpz5SdRmedpdCWwyZ493qFBRYWXcDCA1aH5Rh7Kw,8NtSde5ZOCEAAVzFLdz9hOA8yIfpCxgSpLc74FSPdDAjcy8R1S4aXWM2Pz-vDTfO8-6KaWoR8B5ZxA,451.0
Yorushik4,W-A1wc_aDQmUsNfrq-cXx5HT1e8_Nh1EOEyNtEc40OjIf38,WxCjbWkTpjXRjR0Fu2PoTVjvmw9l9N4RX9RskpK1_BL-aE4,MxSwtCcNSgvK9SH4QY6NtsUn3Ak3EZGbKWtYBf0FZXkZ6UCT4pmWSeJ9v-xUDPIIJuCaWhJeu5WuoQ,214.0
Scyrnn,Qzfareg-2CVzz1wSksumlPWwv0z1qNtxIlKU8Uaj6nxroL8,tZTwrE4aUp1qF2Dbyrfy4AQs7ZXg7lrcL1cdIJYfxTWNqZM,wK-xK3gmLQaGa8iMjggytE-AyNeV09Zo4shfkRA9tH6t2_JA6K-ABOrKt1Ow2UhzIndcqTjVkoLPqg,558.0
Dragoon,BS4yoC1t30nAsxDlnKX_wfWhfCQLrik4euFM-xtec1NiYSc,3WxCLRfsAiIzW0sAEOOERPKZEm-ymN-mh7n9bvyVFPj8ZQ,A8jUxHI7bJub35mSR83GFLwoz_pYj14ApNskVBP_bAfGyVe3nUZR_QMDpOY4JxdQo0qzjPqvqTYBmA,229.0
RoseThorn,xS4XTrLg0-y-n7EIu9Cv9gEdZ2QeG6ZLpB242YSBEAHJPSw,yB967476funQkZJYT0EfwA65TFvnq5BJ98WIUXj4Z8j3Pw,pnRrkJfI5XzzVZ1c8FKoiSeAFyZKAyC-vVniQKdpTRZcanQXpsLdbWoxizLgFK7O1BiKYwPhzL18dQ,447.0
Smoothie,CtKR3Bd4ZslPj_0dU_Z0Ei834oJT08ayfioAUF0RsEG_WbA,w0DbZi-dWV1t7mOVjvy1COgjyHjvs3rTRgcYDke0kSt-LQ,Xj_ldVYHe2sE44Ca4RBJeSOweiLI7AsAe1QeH93-H3hD8KuOIi026Znjm-FvO5st1prIZQuIUvmAPg,344.0
ryooooma22,vwPy-MldtwKIUbwKTVVeiSB0x9guFKR2jjR9wfxyclafGo8J_WIT__DCzg,VRsMPJNsRkUbNgsptlGtFjUYoN3_auI7kFjOgeSLt_pZvYbktS2x4npw,jS9RDLmsuvePcB8oZiuTdxQlwsE82TdFuYpp5I-o_SKmKQHOdUIxTwsoIRZb0LU0j_NE10K4dgkHsA,124.0
Kurose,m3n54e5bBzJnHJPcCAmeYNC0A02hSvDynpsjxBsVE48Dxjc,UtxacSS7_ZaEyw7bnk0DZuNVyl6NhN38BQFpTH2sdhjARw,AFmR7I8ah0HRDEzHKHaZQtUn9nDhkwNBuYs-NceJUWF3g0Odf7UXv20GdRXLSEr0WScCYpqbKqsOgw,319.0
Ethiridis,Q61X1oPSBUgrrdomSvQRdlUWG1RvHlwnw4U5mdobw34r9e8,OD54M4X3FEhL304FBwPo5JK-fgK_SPAaLceEKb4h6Tfmxg,E1lgfCwgTZvlOLaWGxJjiHm6rlsFlSPaoL5UJ_HM-mOoBT0VpuZAv1pY9UAxjJoolOUHtBArz_IylQ,504.0
Nightblue3,QX84IUBdX9w67d11tLo8PPPKzZwzHqdxIUE09I0Mg1xGxTc,6YmTD1WbDUwmaTQk8Sc2pBQxM-ujlwNmnltw_OOIKqvPsg,z38PIY4xb3_SCS6RQhNRUFcVRkN1SUYCbsjDfMIzMzC4gNuY9Kg0VJYkJQ_dpD9LqLeeJbnFOKzjUw,624.0
arrowIoI,Y1bxvtg1hdsT5WPG_LUM_chNmwNtpwyYyePXmKpqL2srs9w,vcQhNzDFfUskp22W_FsFbY9RmkgVQnKysF3H636LEniIhPo,UCrdtQMod3ar3TPOEh5P3wBEtRW9mUuqz97pv2GBRad_IN6RBxM_h3clevJI3goVN-6UrieL6pwwfQ,323.0
Pluto1,VI_duQwt-AgIOsfw2GH98XCrLLumo6fyGbv9w0B5X2AYv20,8M3C7hWIQAyUVle0tjrSt_-zK8EBeT9n0y2fJLJ6m64Y-mQ,nD6yoaINg4p1EeU9jb92wAFVRBKUxX4O2-BkpyG5bcBIXGE71KgC0umRt4GyCxrxUbdAsylvl6zC8g,546.0
1inks,bZxiP3V4k5vApyD2mInkJWTt_nGkkM243syy5Uj8ict3QDo,Qi-i_gK2BuAz-sYat4NJ1axR8aocVPsJ86YRc4tJv3j9XMk,Vh4lMJivDcfwtJrYGY8A-JIxTf8wq6HttBiq5C5B-OYnkY2OnEoddGQ8O6apU0-E44QjVaE1qlAxjw,374.0
Asyc,ycQvppkR8xX5VMSWIvIY6WLIyT6zQylzGySUMM6Fm-KFCsyL,PM6Dtk62WUvOhhm2GrYiLdOO8k3jVzTogm6Jqg2xlPXN-YItjCVflB6U,-r0ByCEaaFVkIhtu-8_lGbVytJfdtGykba09R-g8A_IanrYM-laXJPIA7UB2X49sHZ1xj7sGyaI7fw,670.0
Spìrit,fwOpEYO10d2jIbQ1OMpQGzjDBXrHSMCSnYXofNwlkn8CfJk,ERoc8aAG8GOuqasMTznaY_CZwqtiq1Q74nSOYxWV1Ts1qA,-BhxOvN0Nb_NGhCNSxxswxwbObsGoAl8d_nTOpj1waEEuejHpWjNsor0JfE8DruXTUcvyWD5UsrMdQ,387.0
Icelandic Hero,qif1Cs35nSdzWP4_JPhCwwWUHnPTQ9ncRSwX9p5FRZPbeVk,8yo2PJCwB6ubeyxMDS_agU7fAk-6q_zpNfN47DNBp7qwRKs,kMY9erSc2I_45MBAQfdxHl43MA5tmp8s66oa7zt6UQ5nCrF4AcVxO7xZNLOSgMr_OW_wq_8zf-fgWA,523.0
FLY Yuuji,-yoGvcVv-ZsohlJRnA67d61K1GkEEZ8jp5XQbfGi70xJVFZ45XRNbrA1MA,Z8PodXoYqGwBeF33xajko9VQGqrLOO7UxR5jfHjkCGnD_44lTZihI0Kh,g--LxP_qRBmL-Lyvz6QgZcz4lP1LmKCPBhM4bje8RhSkv_SjFX7KQDEQEPL8qkKoSwr7hwH0LZ5hHA,201.0
DARK WlNGS,6o_mXeN-z3n-C28XISLT_aFE04oDMwi82wqfzEJmfkR30NE,l9lVXXyzaA7-BV4TKwkfNtjaxsBRXjhyDANQ88tU79EWuQ,f4kZBAPDrtsWZakMEszEuUSRFkpwhphWbmX4HsSXse6fdE067SKdv5THcxwLi5PyrhU4FTnE1abSvA,417.0
putmeonsagecoach,wWdn_xjKnwl9pv5ANNbGRhIuyb6K4VKstZuU09iaGzBlYCg,3er0EccCuCTaeTGraW_ZQNpFR-Q616VkiOA5yDXFjVr5i_g,Vf3cHw37k4mWPdpROOgF8yDseNA4SVoZRPrUKbkv1_GZ4yJuzEosNnOLrLql1-f7xeTUQdJCFTpzvg,157.0
Lauel,XF6QGIyw1DOJdRocuZsngR7ClG56eZ8UUG1ekq2dYXUXpko,Z72tSkdH39pAjpZ3OnEM8c5gp2j7mdy4tCts9Y9tvOzKx7U,l2bj3GLh8igmesNNDPdQz1AzlZrLOCknPNFoG1OuPuCkChRGC96sSROEiiElfsKTVHI_XUDsNzmFvA,585.0
CarryingPB,z4I_ctkC-2cc5Sx7_i8NF_Z1o0d92QlSthxK8VIZcoc7EPk,t2iwbFTRYELwP6acQ4ntXs7-NuvTLiQgBv_D1hosZIqPXdLYxVLX7myl,qGy_b1bJCZvJlxs-83jmeCOICQKLj35hnG-rechnDN8CcVKSJPLm66qfiJoS7rbPzpis0ASkXqDgaQ,359.0
zhe bu he li,lbh0WQ15-fyehl5BHUmLusvQGGM3gL_n7nusH-cOg_cSOa0,02eZ_w6WZdakmV5lmtSPy-l4Ju3ap0hfCcSiaE-Zc1v83lc,y-XIvAnar4jpIF6S5EFnq5KOw6VyvMKPk0ldiYCn67pqxevBW6JDBGgqLKFthZnYavtV3xGTdQ4YpA,385.0
Eyla,wkiIP8C1mn1AvatMh2AZLETdS_9_wm4P5brbvieyS0NKhDsy_c5-XiKtMQ,9gipjQewuqb8ACXW-WIZWSBJNcObgkUONHqPrL_Qgz4rOZt15GbsCwty,5ObriwiG81Hrsa1Nb9XK_tUSdSy4bjxe5U-C83KAZqWdLfxrX9S8sklNA3q40myGTXvKoGjDNOl04g,131.0
WX Rika19981209,t_Bo9BaRKGNFjN3OhUvbKcudwOQrPj-U-CstIHDdXgFkF2Mf,YDT-Tsv86t1qU1FjTKI1IS2nT97zdEjj4dQApJH6jrDwboWQKVvmJb2W,crcGEgCzEoEIeHk9roNCJi0raAHPfqHIGqCrZS8sa-EXN3dEMvmnZpjwNbc62CDBAMfkaz5EArqqsg,318.0
TwTv imsudzzi,vNQCnVLRqCH2kk2nzj-iQTCIXDylRbjNDxkQS5rRQ43AmTtAHxhKRcrsJA,7uR1xGM9U3lHQhgSD8XRaQJDj9aM7xrnn2rlj34P2RTLEcd40qaHGkh3,CSrBl4pokYkOM0G-UbED2D8D6G8gIb-6VhpgDXdzlQeFtO8j3AkqPdOD0PXrYbHMJS7pB0pv-EhYdg,69.0
BE Mental,FUQjGRXMpzvA8uUmNCtWkXM161cuFjkTlSfRDKLBoOLlZJg,BZbs9wlAc91txFBK0k-304nD8wxPBPlcBGNfsLl3RoDHKK4,93U62fz6r8XBOwpgYQ8WSV8nRfuJCpO0WM-VWA5807pzdSQxHFfPm4gTPgRcs1SItoSJEtr1_qj4IQ,392.0
DC EGC Tçº,GuwHLS1s-aWy_Hs9DcswNY4Rr7kbQdjR5YvGfYD9bUwvnzc,mQbXchuCDLG2v1AlB33ZxpW48roKOoT5eWNNjoRgmTuTKt8,aSZ6xXC85VucDdlO4zSoQN8HRTpO7kZSlTIrByLRo-fP4xLSW33Q-XIfE1ibT0ZrURwhOsPMwJJQ7g,156.0
destiny9,aD28651TW6bbzPqsexKHu3K_j2B1pbJl7D7h2Jok0QfmgFk,bkl1hadsxTD4NgDMyHotR_2a1NpW06LMMmFYq92JSpqbZw,ahN2SFKglWZAHRgW7EQ1BpKHSf8PwLR7kTY6xQUvNbNT-SkzuCR4XR1KdErEUpx-2xTqGaIj7uQROQ,231.0
FlowerCat9,fw3XC8wBu-DJ-YKHNACX4mUbMZecI3JE60mEEe3RO017UZ8H,fFAiwcSwY60_T_HRQ1QpJGWZGON186O4aPNUwjnDFnsUu5GKMMXIQT9k,demWa5pZJxGcJ2clZpztkDM-Cj9nQ09K4aylQAjiqivVY4Lyfr26ltAk8j4Z1nEEET497zVz6jWx7w,113.0
Üç207Pr4f57t9,AgeAbnoYoUvw1Fpuc4VICiIxrtbg5EEfa4E-eY3XV60xQfk,TTNyIa--dKLA2OleV9nFDknvdphgWo7s-9kajqqZRUeujdM,3IaEo4KjUVGCEp5r4KPqLCGucxEsSIAtkCSUM-e-6mvMcUBOqe6hKRjYBVYuOyBmbiViLDaOI-7UbA,770.0
warcyclone,pGo9xPZZQqevnPNdzzQi98ksaQARnXxQsvcW_rrPFOVp2ZA,TsgyVGV-1es8fNX9KJ_ZDKe7-1yWsr60lcy2ipRfwU848g,Y4X7NFgDxynz9BkHxyLAwUlTh1U__R7csq4xSyFk6f_dXpWx5QxrQuDWehAbBShWuA89gu_zOvRs-A,638.0
Roewland,z7FSmqZKhcjmGQIvRiHA-oyamBu1g9m5342Z7swx-t1qwkI,fQGeS7D9qu9oOPy3SLx5v_LJYl3T9bol51JG1_vejFAnM3U,dwO_wsLamiO26heuoyXYhDl8cDKPHL_tGxjQPrC-AQzL7Av17dvL4JwO8EKzgCtqh09koEJgGN0j9Q,514.0
dsux,pMW3IV3CnCygbHvwoVUsX0g9gzub_oxC7NbCvFe7ceu7CUHqLU4lpPOmpQ,ZvjrMXMT7d9B9oWoV-Oym0Xv-cQ3daGMlh8PX9MBGK1jmfk0Ti1PRAyP,XRPLqJrZVNJhNehT_10W_tHOI6cmGGTPGQTLVvBPYaUhc-1iOCFTT-CNuyA7yY44BgzSWZ2wSVc9_w,47.0
Bashful Iceberg,WdLHWILJMk3eGuwqJVjElYZNd2rfjL9KLZZFVKfttBYghGs,-msQjStHA1PrqfO5XFbXyJzEh7Hu4rZRzEpeEcbIuvzhFg,fb5GzAqTyZuFCJrEJejUm3uAmmijp7GznCPlqkVvdqwfj7B4RLPZZV-krldXlwNOr492lia7eF4jHw,412.0
Tony Top,IspAVkONvfCgP1RQOmUUfqqI_4WPmtI31MyA-nEXjw3RnCc,vnb8FxKQUYyIkkrPadXpqusTHMJ8VoWF2fbfJRJk9weEaQ,eFhp4gSakU3VAkkrNQWdPjh30l5XF1_Ug9sMeACbZ-OHJP5rQAPpvRfMmffmuKUa9p58NsIyeQpmwA,492.0
Yung Fappy,oqNSLLxX9qqqS0TIY0kYE_UKR1GQMWZ6tsU53uPWNretGjs,31exNDgOimNqKXXQK-s9JSSkcKbDsmPPpWUrazVmMnMpnBU,gpeEn0XLO7r5zLDmI6d8mhYHy-m8Ssbla8LcFRuvILWaqH2WBggi_kFMtMMtOcKjvoVQ41iED4FMOg,431.0
Ryuzu Shima,Uf4IUK6qm-IxPayiuzTtJvgXA_m37o9Oorv6MxeGi0E_ZDA,KYesAZeK7Mm5D4CHsmsannPcGp4naithvdoJ-h6mN7gOLg,_u0ER4K3nruLLZBrQQnYsYN1U2jXkdcqX4RacPVoI66YGlO97BJDrl4wdjbVRvbKJKqQzpLocT-QyA,484.0
billyyyy,DKP7Qw1yFpA71ocLLuHtTq6kyeNe0UTMJsP9gnxxw0hDRQw,hNnH5HNXV3LssodtIICUqD3V5J49qVd6eUfoj12mt0r-tw,HFMSKgoTCZ_jD1ZrhcPWLUUNtF22zP7vNyjOhbhhl0wdbPvdmib3NJw9EtFietj-KHiXs8SKvg9scA,114.0
Gojo Wakana,yJZhOZH9S3WiWsbwryMuD3wPmiqaoKVLeazaDVlldA6QdaA,H6B91YIYf1KwavNorO2JeibEae2NieGcCNaTNn1mHz8K5pw,t5wzWqerFjVJF3vhWGDY6IWbcIXHp8ZOmRHothmhTov4iXXysQZJALuNQIcww2aYWp-ptcFwvrxpbQ,665.0
Tomo9,g-GmNqY7CrygX4JTHcnCnX76McRMndNB2NB53hLzY2NGkp4,AfiFALVSFKfbb7Mhcxt1lL94GmdiznZwPDHfS-wy8Tz0Xg,ufTqzUCNoNKf0eZMxvirqTpJTmToK_Z81pKn1FWWN2-6mpX2TALpi-OI5p5k9xczE5q-5I76G8CuIw,595.0
Warr1ng,77Cx076YBSmVhJSVfWcWQ3sVJaThM_8AFBsOWGbpnx2injI,MLVuoGXcePt3jb5JdQAx_az-CskPeNV2ysKxaOJ79Wku_A,_TxNN9CQXmLgCKaTJ67OxOXIjk3QYA8KdFarTqHQbqR8lczBGxu2oSMFWJ0qVUiCjGSRNi-AO6PtAQ,106.0
Wynncraftian,taUUE7_fcygI8p4Bgqm3M6Ent0qK7sh8wjSyNXVLja8GgbQ,lNOUfZ85PM0do7UOsO5qGWbwfXRfGPx2nfkYfeyLXRSmLic,aYt8u4veEQAV7e8IppjBtjPx2nE6spRmyIHg7oJVgHK9Y-lxcOE_0ZMvt-5ovwe4emRKJR3APQhIIw,527.0
Breezyyy,nUDeXWavD3E7guhZRj52KR0V2sxCUQKs5jYqimyvav5HSj4,Z-3oSTkmCd5IARMNW0T5M5dxKaqouDI-0Dy3UsygduGfBPc,ZmhHOsB8OpSVQKWP68ivc0P7j6G8gzy5_vTdqr7n8XLey4Ke-ZYGz5EhQW5meFtR7U7CYIDKgxevpg,683.0
Pseudo,QlXv7jCRr9pUBKlkWK7qiLuPjQg2U2WHQ6Prhl6Eii5xUHY,K_Bxf3fR-618K4mTb79-MumUX-N7N2tB-l6lzX2MBRRJJw,stzpE6cJ9rXOkisbWR3VHI37p6tv00AAy8_-GY0s-TusjG9P8uAhWoLVLHIabIsf4hWkNSq4mcmaRQ,240.0
lonely,d3W9Y_q8A6NlBgJP9_hwIeSQk8z6oyBz71qk3BtJRakJRqE,_Tjv-hwimorYPp5ishDCcO9z_RCqLJ5ZlsNNhfzZSbmp9_c,8cfJXe7BsI_n4qxGhAobsStN17HDA0an10VoYDJ3uMpRPL63EV8RDZdBIeSpEkEX4wnnl7j9pICmWg,449.0
Good Boi,wgXUkiqgzsa8wEP1Ml8nEGEmt0nn001wp5w3c6Egphix8v4,Mw2P5nO1AEZf-VRqam45IaQURcGJzvLsrtyNU-Gd8BEH5Q,0GWOpbIBIM0hkRGRoEUbx12IY6px3IcWpmKLN6h7QIF-E_kMARGEuDpJgSPeNxBR3OJslXxeU3eFmg,576.0
fXfEIvan,dwA0R8UIGCqDp3BJsXuonRPQclg_R3Yo70F_g1Dx-IUHZupL,xVJrrQxAa4fH4GKBFLqILbl69uYsDxi1zu04sE-7zp2t_EIstjzDthJ_,b5vmUVwTB7dnYVY_Dy9wlo13UYLLb44ZaMtaiykOIEJ1DHE3dipvoLrM0tRI-MwSjG4gqDvK3kA5ow,254.0
PuTongDaYe,NgPxSCA-BLl0JW6-yksQh3d2OBQIso9Qz4oPBS0prHyDejgkesepT6d5jQ,4nkznsjF3lHqNDekmZxWs3XF6uLyr4z37Y4iXqZp9ePRmickHT_8dVKi,SBboaMaAJBGArzLYIHyOxsldDDIHI8xkD3K5dX-z0T9pgv1uQSrbIh_yxstEtmSu2hpwRaAJLMmtwA,137.0
winstxn,LIkZzEcLB9FC6QWIF_KW2CNJ11eDFktMpoPGrIAPgQkBNmY,PWYVjbzRiXcnQSdqoZAjkMB10dGuVsza-E_C1bMgehewf38,SnkvO37PK8yjEAvQhyXawDM8v-chvhRWEFu_oNcPIWJkC-F1PJXw3tkapCIJziVcf2Cx5dZpCkOwiQ,225.0
Deformed Jungle,4CcjFxNA_l5xx9UY_CCDIgM4jPaE4bSVhR_PR7W_F_ygN7Ih,Y8vW0GG_ZayYEFkkC1h9qczLhhZuhBmF-U1p8PcN39t4W-gMVJHoMpA6,5bwrkRu32yFDYedY_7HLzdF6r7f2_N76jJmbjPhDCjcaIOsYjDEgMzfriMSuoz6X_ks3rdooZ1n-Lg,198.0
An Jıng,uSOinRpW9yMPuz6ajM26bEL-jPME9BQphtcWAWiTxMdgzeY,838zNsmhjnPxaw0bJFPh08zJGbsO0hT-JOhEfn0tkukGx-U,fIToyE8jeS2O0lIfDR0JxMJblnKWO5u_auS4sY31Kktt6X0hFGJWUZ9KxMVexWc977HDEYMcZEdmPA,518.0
Reputed,Hf92RM-TuSeIG0AV96W1cGiJr1MLDlJ6bvR7UxYxpMm5cc8,iN56I-J3P1mFcCI8nnDU7YawXSkXAs-sgVj04SQJ2ux4bg,PkQKwH4eZBHStA8mDF_8kzznrzaUV6Mx5VLWWpzx63nHmILkvK_4Ce-QcqPUt3LT-ql4AsJAO8JndA,392.0
soupfan4,CP_jJPo8O0mIu2-gbAI9Iy52HWXF163TlW2WYxjHDoVL3wk,YafUjfuqeZ5GMjcQIAx5i-1MIy4-UErC_NsK63MBPctILuI,JBbX_TdvatQcu-PrGWyAH-wChIq5nw5cHZQu3CmlLARkCDzCmLEYQrf5V9CSTt3QwMIdn3oHqWOquQ,154.0
Bmfx,KnyN-MaTjEgKj5GdxU0s68it4-fY29u9n79_XShCre0iBm4,OMuFTKSl3jsuf7ucwgMX54acnU2Xk-zFpU6zXr4dimMb1YE,csw0Iw8zZsyYx2g3t-UIodHiUF7A_miCj-6CtB27arunvbHx4pS68NAUM_UzrCxDSoxc_eg7CGfEdQ,333.0
Anotherhope,wmuddfcgI87vbZ_WkQiTMx0C3CN_u8DZBT4HghXoHe0bb9c,wcByKVPXvXuuZvFNuuVTOAKioOgVzspYZytWKWPqO0izwYQ,lWLeQQK1x163Kx4ezMmhGefr2Pa_FXqGB4MpqhAW4PirmEiCZuF7wJCL4Hi3pj64KU3vGQjV4dnL7w,274.0
Blacc Massu,iZ-N0H_GCu-89TzxxdtXR0NinYJQuVuExwH3X7T9nkMrp_s,1kL13okNn3HTpt-dRudBGvUTNqhU4GIWC75jeavb4hKw6A,_ARxMQDFuYHcwkvbkhtdFplp-a7Xwxv4_xYjUUtHnDHw_l9bL4P9qfdBcQzRfXrFZdp15SEYYeyjcg,662.0
lafyèv,Vjf1Vd3CDCnznQ1-zqG7W8BmI0o2mNbciNPF1gDfxhOz4FY,zQHiFnjlz_Ui0KwnxifdRb2tGrJhd6HjQGFB8F8REkMoKIc,SA6qFgeTVClnCZvo4OEXhfICe6zqIyA7uLmTUllYT44HizAElkp7KR4rysQgR4MQ4xTumUkDXbMOFw,411.0
Kenas,hky6RdRUEwmPzLzMzogVhMGNXiGnP-UCEGzel7EswJl1h3w,mMET0ZuLIHBR25CREa5JLXoHp8aivZdqqlXZ84Fu79ojAQ,JoVcFNUOZvSMuaRNrJRH1pdsYQlhXrYPDukmeA-PWz7LY-OAPDBYvqByqxZ9FWNFth2E153uiucOPw,532.0
Circus,0-jQhYfoNYTGyR1QydMSqCabg_48vYnHlN41lYp3awYGvHA,KaU7s7CcE2nDoaqGjg7F6FOWRgPUsKmX-DWwexB9gEi9jfo,byaDAQgp-HYASfJ2uaLy8XknslDyXXzXJLWAP2PsKuO7nJ1sUAdStAr_YT6Groy1MexAQGiqVRUGGQ,602.0
Frenq,aZS6RaNifjD_AFFzsqtungRYvi2jsY1l2Y2RBsXMyOxNY8o,6H3tgB2NRz4liOKhNv63OfQVVpr9nS9mrSy0WuM5X0_Lqr4,G0uJwHuBHOuezsOoW_y1oUnE1vhmd5R2PdhIFT_FQH1Py4hUiBvuxxLTZSz5hXpvotDdi6r24u04lA,307.0
Feather Daddy,xIGn1wmNvC6yFNk1o5zzz6L9ziBSkHcrQ1AA-R4YndwJGqk,eRMx0FJRHyGXzlzplgvuWJaHmN9wewFhhkoawE7LXugXMg,GXpT6vi7SHYtZt_c4HKF-UnSDMdNgORZ4C_yiLTvnVQIC95MQRL-XUyhoJTvVw8QVpj3vmrtTDcUdA,534.0
Trespass,2mVQvdmOuX-zJp4eBWlZtm02FOeSXgO6IW2qYz9EtcKqNEjH,LYEBcvE2l3Rn2PqXETgtGRYKgUmiieBhipludFfVCo6xZbYbXch9zJFI,PIBWGVv17gr5fjNHMeX855GU7sMifiojmX5ktjS5eJM1rfDMxTmWtyUVlEnbRhlNi9Kgu85EHheorg,95.0
cosha2,9bPNqGUxqa_RPyOjVboZBnAHJ-dzpSVetAh6geEjQKWSxgdJ,SMpi9Qlz6-ygvXZtJNZrGvBexqqoLXJF4TZVmGCi4s1-M8ggmWfr_qnA,RY7Wou67QGtdsz01J4LVLGO3oG-bRTcCjjCGU4AGWy3jLx6SSvWsyFwUFHfpjgX0M4fzyxqCdc3E5Q,129.0
Poyisama,cvbQCriumIIJdsuFq7N39ymGlYLePvJBTVzJ4mlrCueX93LF7m-GAbax-A,RyAQ2Zh7_GkjKSH484hs67vA1BMa_Cky-r4EnllCjOwjxKk_r_X_xz-C,ryl1O-41chx1yz3kSAU4FD_cg18PvkWY3V9SeGD_nHipfltvbtDyVRXaLuz5Vl88Ztprdd5DNH2vig,53.0
donb,0FxbXM2YmfcYPs4pk8nWp8HTeaDXQpma_FKjPt4xRkD4KNc,hqkutNFoF3c4b6q1oEIbkca9-zkeRlNsDYINIHqpWisPdiA,Lu_8Saz3qUjNXadbQ8rQu1GBoQXEXjlTN3A1DnyCQV_Rw6ZoVNHJqLbf7MDaFl3R213XAggHwzt4hw,392.0
TheBootyMasher,AyefWQdlRIkgdnPq8NglXy7xHkKI3sVpWsIK9td3xEp84iA,azapz2n-VrJu3dvAihLBMaY9JtpfQOTgU0laElmstyPu1Ko,9SKAcnT2Tezf51jCAMxPIK4DvHAPud_wLSZ3BydumW9zaF37fVrausHHE7R4bHfm6YgDQ3xTPd-ZaA,225.0
rallyracer21,FmJJ2gTf9omd0qwvCJ4oGNdmb_NHCXXpQDzHiKDFMo6bibI,pyJ0yk2mZiR2ck4SL4vn53ovqE7kJEVUVyv02v6QwdqfCw,1KHp01OEVF4Okg7DofC5R2el5to_GeRpR2iyanOGf0gCy7t6_Y8NEx6I3F5nQh_ThBjoR-wRjcK-Ug,133.0
Mobility,eTlvQpQ8yevTejv-odGm7ZdrMRt57owC_0gHJ8PloV1Fwx8,PzS9OHA-AuWJzT1cNpqXDv_uU53Qc01NLq-BcMTjUa_-nQ,7JvAcYUIjoXCpvErMaBxCzak_kb4CseFJzHPF4jYjvOpxfh96qBvQcw3iSRPuMIUc9orVWXy1IMnDA,319.0
happy game,7ELo7eGv7r2TCyWWTYlNvnraFMNkNePopKad8HiG-acg4dRg,iPAFBroaw8wu_SE-xxk2P1twaRyN0RvMGa2y2dS4NFUPKjRjM-PceTK7,x8tOl7u7lON9NULTw4WuKH_Ic7vPD3EAWPbbkHijxi7CcEtWanv9vcEg5XlDLO4GKwmTUy10ywI0mA,275.0
CookiesforSanta,TOkxEFdDrCDibsUlVdieJ5fb614e9IWQdQuIhTIYaT3hFE8,OzE6NLPrGXYe6u-4sw0Roe-dtV261JHfHJjfpP4Xk1QT7w,g6_6P_tPdlUyWwpMBLCHFizREIB5miiK88Kh6m26MK7UMAKL0ufTd_wyeNE4z1MQpylgqzXFwwET1Q,317.0
Topo,L52_OU_owazpibTNr8BaepszFmyPhC1UYEOGTdy9ZSd_StE,N3i5fdtTdjokv40R3cTQ43LhvMaI0er3-km_RGkUzkt4aQ,qnz_A5nIdLNC55vXOYArHNMKNMuTXJEC8iUOZHlPuKMAIEBCcsfh6boOYUrV72dgqVb9lh3dnX8U2A,817.0
DAVEMON99,DO7TUV8D8YtFQnDP72etK3Hwftlw-SbiKHACrynV6RHIGRzP,jgLiYBqTlIkOHpXUhSMnMTe-4Ar5jZnoB7fuWc6E0Q_LUvVXMI_t8kKu,zVyMaWkvluLTI-kjD5qulwd-3mL6jAajCfLA8Fvz_LSEql71MQw4aCL3iTjqH6j2Yjp88RPMphfT6g,67.0
C9 Winsome FAN,mchf_KCh7D-kfK--gC-3-HTffR9bP-BGnK5SaeKRIdSMOuRSKSlK2PxoSg,hgDCTk5Hqdo2vrFfwg6cuIrwd0N7Se3koXvB8i5H00tclLdcEbEIPcn9,27pJ69xVShs_cHEksIYmG1cvSZblCqCoo7KrAA4Pr-9cuqk4MYjjcD0ufIfD54AlfdJFswoAMyVEvg,172.0
Doaenel,NxzxZFsvDa1xAGfdyH2c6BlphQYmMYvChQsCih7xGtqzB0c,I_pj1dWFSsF7ATUhAFrHQHPwm1H_haJ-FfSGT5PlJspERfI,b1tNsLJt7-strQrGXsnw_-rsLM6CzVLH-xGo_GDSNZDSCTHdq1f34nCxNMuomuAVR3y9GPd_KG3E6A,929.0
Ssumdayday,sP3PeQx8uJlCb885Z6K3F_xVSiXY2OuH4ozRSoSklnEcXjM,SLXFxwIb10E31BD4-dtjBAObodV3FvGPV9A9JR0gEIbFKg4,VTEJ0qNMJ_SfEQzw5p3Z6j_9b_sLokv65NM6sE3EhnltbMBFb51dAwdBUeaa-7oRG0KkXKAgO1VVyQ,271.0
PlsBuffNeeko,oPr2sV26qPrZghH7zSqFs6QPuyrk3cGLPKM69aFQndSdx1-2,EUCn8sijUwjjzY0NwxVqfPG5oqyqg0Vwvw-m-rcoT2TIGDrQrDiJF2f9,8UtY7lX6II2pLvEr4SHjmrtoKCizuLBT7Pfv7UKVwkSdLF9nS--ikpviTQ7Ioc0eb4yiTCQHyNNyyA,106.0
MaIthaeI,CHd9aytKOWWUywF9a-f6Qhn6lRm2qsEIm5zxkFiP1EUQh6o,aWSVdQeu_9sVdLifIs0EAIy7WlDPsKcwwc080iWngZ7MqA,tRy8XkkP9DS_fhjJjHkry6ytGVDt8PdeaYYi_1oKYPDTPxw99kFwZc56Sq_lsRfutT3re4N-8kyX7g,222.0
S2ETOGor,HYUO6yZYf9AEnmvSOGQamzYa3Qvw-JlOkzPYBg98IFLYLcMc,7Vy9qSWuziOtO4JCTA2tsqpRwShQOl55V6UX8gIIXXKJCukwvvIjwcsx,84E9N_w0qjCIhF8hi2p_-4dbciolwPVHyAznGfTMvR70JpvolrSi8zuzEvz1CxiKaTzXTCCAeCtvXA,179.0
EricZYang,8CgbSGeotP6AwtLiueezd5wxXaB-dhnfrZlSQDKiuSyDKwE,VANHWUXW0bGvhunxz1F6qF4HRwI3SlJ4UJBGJspqOfx9iA,kWDU-uOlNiedLdhMSLnN-XmBmhehAs14AMVIPbKdWx_DmJuVLPvQNhboaSO0yaXbTPC8LNwnKNzGAQ,673.0
NCS  Social Dog,aXf_0e-jrbW5g_EnSDenIyl7-TiOUwa0g01rsMxC216sUZA,9z5WUCu9T5d49gnauKKmcEyLpzdjv0gHyOP2eulbMlAc0wM,7YDbgpOpJdO6_k3T-d_5kbSwFd1n6W3x0j3wPivsaSA--pncaQTV4T533sgEBuLIngm8YmwD2pghdw,397.0
l7l,-1Lx9fspG92bmnRhNKqcXmY3x0tnmFLDdmdp2IdrwS_Bntw,Bow0BrS9fKwejaymwQofG6Nkve_6y3cWZU7FcNey8c72OQ,-bwcdFrZDFYlqmaNBTFt14b5_-AIlmfLfCaRNp8fUwotFNBr88MnegCo9gPdGLQWJfUUQudVhDQTjw,267.0
Old Maldington,KEZzIz0_KilEMmEO-d2gQ6cuM0Adjwl34UHoNItuAxhcoyA,4BVxp22gAD0FCuhgyaIHQk6klEHqGmMHD7Oy08JgpAX1UA,-KewbW5jEoC01fT2ARXlwzJD3ND9VTtB_GU-uH42QaiheO_1KKoXj-Mc659k5a6vMfsJJS_MlvbWNw,849.0
Pai Meí,_Toluf1lVOoAVNHx2ms5-wNQ3Y8GVzv46-8EPzhHz2D8xGo_,sz6BLbx9BEPUVTWXWn6QzCmYUJPnTNnPMVl3NtBCb7a61ASiNY8CRpB6,hC8OIc8ufofWu5CVcP3bBj4kBLT0wiFGCZTHlCtPbDQm1l1do3HIbKuTgs6yCq8p5p1swG5L2Ctnig,139.0
Alien Hominid,2OouKSlej0-B1ykbXf9BJDkh6_WLNobrKUCaIx5aQoNUSjY,SSKwQN6hgl8MIGZ829eG3-x95QUp5f4MA5GAEHwkfL5xBA,ikgWXZVW9VuwYpvQrU62huDKGmMXDlDpvPf1FvhwfFtr5SK5LyXM8IoWazTAyLAKkgLeKgF0THfiOg,171.0
Aki Haruka,L96B5HGKkE0j2YYZFdq8Qu1vTbqgIFPGJE-MdHKDKdKexcNEdLDuFxsL6Q,d6_Lfut6ELj3u5glDzSoPhbkDGmx5O9nnYWExyUaJ-pBXKkxg34atTmo,owudtKqTUsaDxJvc4iRUnXpUmR33XWd5sf1MCs5Cm1ITvcTmJ0evBX1NXN9njN4MRNKkVDDFXXECOw,57.0
ADC chai,_clmYMjz1x-biJsITvIiZ5CKUzCzoPxAtL1zqo4CZYipKxaw,xZJF1TmiftWnPxQMto5IZ-IbDSg0pkQPsgsRvZBuBu_fafVRwX9Z-J60,79fllKZtF86AxuP0TcTK_0Qe0lp8ZBRflBYVVPgHabFZ9Ue1LKrU_Tg0UrURHd2gL_aOs9rVTeE76w,132.0
Throw,SCzFCEhIx68iYPojtQnQxgwBMJYZDdY1QfkQO2uJF5NEE4k,IFmWsU99RMj6082ueEHeW2di_LXwGaJ-iT4qF9YLg66ZIu0,yOPZSyA07HZDp08jXRudgid0ITwRHt2Fs_gpMrTFlhR6TltwcL9NVgKHyRSP7TfMpXfRqZBeXRgXiw,132.0
Oronuke,lYY2Qb5iAUnHjRAa9KkTg7RS2BaDBg-30-elut-MjP-aCEs,42-tDXtHry4rT5FgyLr4YRBkZhzZV33W-V15gdNKkBzRzQ,Jz6E3ArBbjvyjGdv04fEPHCwBpIjUFZeCVIgJkvQ4Q7TCxEb9ltH-uhnk_D4UTjbHEVeXclcRV42Fg,389.0
mohanno,aLmczfY9bKWYytQcJARX2MsGdr3mgP_iMZ6OVD2N4yqqsTE,-x3N5X-WT7Erq3yBc34LC-1ELLLFznQVwN9cyILCiR29mw,ar84lw-QL-pKRM6TeLBS49u6JtUBZHRNNFEaJbNjtHQvWndEsBQlxco9e3R-nF7UGWSptsjot9d2JQ,320.0
rklckp251,x1SoR9vvjZXKZO2fWPkouL_tVANC7AgESooDqC7wMGmR26A,HTkyUDMgMhCcxDr2VeJV4m2iWpLM04DkY8PWQbzGW_LRvI8,hKjzYMiCBp0t3gIdhVWyzkht8SvVmsQaJXuno9uSEX_7QOrH--yNSGM4RuX1-NYiyUgKTRAW9VUPWw,113.0
1xun,_XKlwaElJG4TlSBp-JmzplryHarR5XvKc_yvD7xqzwwbJs4,JBs4Bx3NTnOEMN_JTEETcSNhIQhnHMYZJTKuHErzHI_VHms,BOnlJ0rZkWUIjmYVkyWasRYlGqs1CH_DIqrKaQ0LLrajMJHJBR0tWDNMm1BGMw0c51drhPiApvAlMA,145.0
rank 1 mars,pMW3IV3CnCygbHvwoVUsX0g9gzub_oxC7NbCvFe7ceu7CUHqLU4lpPOmpQ,ZvjrMXMT7d9B9oWoV-Oym0Xv-cQ3daGMlh8PX9MBGK1jmfk0Ti1PRAyP,XRPLqJrZVNJhNehT_10W_tHOI6cmGGTPGQTLVvBPYaUhc-1iOCFTT-CNuyA7yY44BgzSWZ2wSVc9_w,47.0
Sakura Dinger,H5Ju6_gRF9v7IMqUegbixbcbEQN1k1TUQj3Pxe4JoptGkVXAo50bK5xd2A,LFgL7AlEVrylxlljP_h5ZHlj4h_vtuasuVBvnPSNvTFswc0mMpKSAFTV,4LUP2kwh_usuNLexFydvCscsvrTXG_bjVBt487yNSiOqqEC8aWIoA_KJHL1mwUvYWB9JgeeWo2mU6w,97.0
Laceration,Xsez70H7ulxv60YUDHkWtoFZSEtiG7xtTLWllnCe6VLSy5c,aOWcAqoqJpaE0nsKlSfmAAwvD68mpPaMF2F9LDMJJAqWF_w,rsUHgeS5dO196_mtE1BKkkX1cwNKnPA_ZNKyd-yh4Dk0lItFbPZmQeWbeuAWT5fLozgM9FrRtF9f2w,578.0
xusty,QvxFTbkeMuFcVFMWK8H2sa9ZhH3riB9P56pz44nSDQRldtxUbgfVFeYcIw,g9L04Y8avHajbF4txt6UCPiXTyJHcpB9pps8WReAIuINBCO3srOyEMzC,KNDsqaEtW0rVvGUiSjFGse1ApJ8iANaQR7UxghAFuZm-HUcZNwcFWQoMxAvet8NUuhnbiW9Bu7ERWw,109.0
Protos,gGn_7_-JcK_fupgCCzsQvFz3Y7WKGhVd_ed3XwDVEbDJazQ,jrbw43-cGea4S1IcmwVx-sgIpEYl6hdbQlcIIAq9aKIl-Lk,l_fWwfUBGJAGkNXl_fxwfjFlPHcaKdN4WfVyMJ83fX-cCHzny2msULMccyWBduOR6TjQxuNyli88FQ,592.0
MONSTER CHAD GOD,M_B-qCc7wfnudFPppO6a7QnJugFM1qh6dN_aRCMi90DI9lU,V8ZgYaqlYZF4EV8BsPwHfXs-i794AQRQ3yN5q8B5Bu8kSbY,g3Q_hPjLs5yD1QM5F1ryYDKYFqg4ni6HjsctRC5hSJAIT46OZXhKEC5TLJb-qqCcgLMQ96u_WuTB4g,494.0
Peter Zezima,xJGTojMxB63acMw2SoVRIRv5GiuklY7secY64iH5MUnCF1I,YeFM-PbciDgT8jWDpVPWV7e4VOdHVp_MdREnImLndi2MeDY,Nzz2cnG83vgj4LFWyC7bIwEnj3HXKULimjcWzrXkU7VE_0F1GffG-a0IFuu_oImUK0GapHgjFyqlPg,170.0
Shiba lnu,oZGNBgkqLurNQwP7DflqOfe_HQTJNz0FN2h6naen6g7RFmE,zrCJ7M9_AcsuLPqxJdS2_Mu13X6xhmEXAN29Ix5OIbQHFg,8L6GbebD4gCu618onk8YCNB_C7K7iEtLe2xNSRDvOd9t5DtqApTMlF-2nFD18gg7k526WgamRuUJ3w,591.0
zothve son,GupoFYI8fhuBMwHszIVlT2hC4AN2GDrTBi8wykBrQ40vLvSZL4msWQ7-mA,L7a9L89bEDiHpwKjI2Meue2GRCQFKQ4wjdoodIAFXvg1hNbwfChGuaUr,pQpD_T_Q4JRhCfqv4yscQqAOjLHntEXaPQuhTJiYp9DXsDegHHSBrodWqMyqyvvrKd3-CLn6TDg5Uw,118.0
Pomerzz Dongerzz,LVIZ1M-VcIdsKxB_9juSnxx50TDKybYBwbFrfZ7i_MH427LeqFbJFlVjeA,roRBSN0X5QSZHcnzx5sNmxB7iJKu9GEgzv6fPtMURsETwvA__gaHcasQ,uz_YGHl3txYOtLalSL6xKgIvOYpz5dILnpDDPD0frjZQ-Zn7__R3vbwge4eT49djkjTyHLlvlJiUjA,134.0
EvanRL,ZBkobACY-uJ4MT5-s4G1jWkQ4L7Zqz_nQMcpW6fA9R8yAF4,VvsCgyH6vsVttA55StZZq-tvw3HvemRsKUgB5HELyJ5Sng,TRbSOiMr6LUn8k0qK1Fj2Mr6ir6GBV_v_d8c7B6pdmGyq3esVLzw3WpGIRjRKom8nT9DgAJIIuB9JQ,435.0
XwwX,_1hBZ5JeWEgoGzZ3SUDZceHwXky0dr0pjYJFknuO61wySoTS,LYTMYocYjzm014_onMTwEJOauE6ztizCKaQkBur2lHE82rCnBAtegcoE,SEz83zKhjvRJz8VtyTKLah2Frthn8_z52REMJcPFvE-_chXKSbEM--I3PaAScJ5dOeeJQXAJhsNl0w,67.0
MoeTube,3kYY8L1dRw6-U6VgDFg6e9FKKx5y86MfkB_cyboqV1Lx-Kg,LhjMr6ala5RwwtxEZ6uKB1vexqHLXeqoktzWYl91flS4rRA,rzr7u1v0p0VkmBKV3TZ06lOLs0BHr-Iukj5f7VSVrvx-lBws_DxipO6jae-W7n0MGo7f7Jzl5cIaig,682.0
TSM Tactical,mH0tffSKg1QpsYHJ1bMMCeKbC0k1TM0MS03PtUA0LEyxb8Y,t7XfIdl39TlEXfxyvISdeeMtpY72vbFAHnV9461GiD_9kB4,yguTWjPGtDgEAZFxyRYucG5RmF0AW6SWsxypRa2I-wn0hMNwJcNO9u6qIJ8hTI8Nf9CSeFxI0RyN0g,176.0
QuinnAD Daddy,9tpkq-5-jHQA9y3xgRrKKnS3giiYnrmDRkbh2oa2WJoMFJKY,NtIXY4dCtnyQu-dPZRtllQoxbfZ0xfDW6l9gGpQGQ9Sv8SRyBsY_OTy6,sH-LDyejfO1l52TMTiWILLsrZhM81FC_Sc1trL5q-88yNx9PB_o9eDTWqAYGaEOCxzKUbz2pqVwHFQ,111.0
Xiaojiang ovo,gT_SePY3hGc7r-poSE3IB1DbJPm7Vz2g2IcS1c3Lxpg6MK4,SSz4HvrFmxNKFGZLXqCkdBo8O09ozMKEf6cd9bZHMYicJgE,N5tAINO2jNYWYEDUmnaICCpcl0Blc7IHued1fZSUuJCZyWds77E1JE1ChCdsiMGa_hGRBEvxrfp_4A,334.0
UF Trollzelda,fKfaDXABIA2U176MfxFeVB6ckxt7P4bf5AYtHP9KLi0rorY,aVNkDWM1IZgXUL7anB0FQFCTkwGmLLSueoUZQwimpS4tAw,LI3vOMgj7g-rUwJ_pyRuGj-IRjFUEPIi_tRtJ0YNySe_LUF9Phx9wa3de4xy5UTI9SlyxV4TyCwrUg,388.0
Infectrix9,zg_BHIQXxRyaliYcnaZ6sQz7tUOaUqfLjA6An095ckKUHd-P,-K3rhL4VT1Mg68BmZjA6Rl7cYSiNZFGMRAT2g-k9XP_r3mDlDK-uHrQI,YY0XFnF4aC-kgDBUcgRnlbqvn0XlAbLDfRRy39NhX-YQ81z3-kCnrpv6v_U9IpmgrJaMdCZoeWscRw,103.0
MrLemon,VCnaqkTOgzlDivExwGxRrhstcFQQsaxkfef-GfYoGfvuvt3zvzZT6ofkbg,HQ14EOtlnAO-9skObYpFsAOfoDGz28Mqod4NdoneoQdVMDWXuh4o6cLa,sl36QP9Ht6tqsvBkuD50B3U--3Dc0L2vv60pJClcr1TxHgq5WfGA3ujzRkap-5BQGpE98eym2D_taA,87.0
             Tçº,GuwHLS1s-aWy_Hs9DcswNY4Rr7kbQdjR5YvGfYD9bUwvnzc,mQbXchuCDLG2v1AlB33ZxpW48roKOoT5eWNNjoRgmTuTKt8,aSZ6xXC85VucDdlO4zSoQN8HRTpO7kZSlTIrByLRo-fP4xLSW33Q-XIfE1ibT0ZrURwhOsPMwJJQ7g,156.0
dumpa,EEyt0NPyEVw78bFW7naEBBC5MY2HHQStEmyODD7sTqQamWA,UWU7mWix_skVT-CbpU7tgGv1pGuPu28uVcPh-hc7ZcrfZZA,3ZiDFOPzelf7P_Q58130Hx9Pq5c1__4XBvo8Kbl0jUm_FHY1JxcrUdpbQkytCYkjIozv8ZSnOuXWWA,376.0
Ralyk,orAwL47hFqGVEBkjwY_CuuFonuaAXdRKU3CSHGf6qv10BWs,KAY9w_RgvMcCkHZZ2VjqeFlDgzOQpYGxJd1IEJDKz8KN7Q,xGXVN3thSU28X5pjHs7XaC5wHwkWrrohxxpr7HqvI38o2DTufAy1pMRnSkVE8YcELss2T-AnsZWGiA,452.0
YoungestLe,zu6iBk058LZm5vWRwOFhPrBCiunfWiijLRv15kj6zuj6pFg,Eq3q_Wqxh0T-ChdH5e-njt5c5Ib7M4S5-SL_r12v-c3ztA,cZqknNgq4BFzSmWMAVlXovWB8xq_Q6VE3fHKmV7DAQDK0sXyHzOXLuL4SW8bBuQr5aRYOyUK4eG9PA,519.0
R7 Ceø,3j4VFMULu539O0bDqGhek_3ED_M2OlgQ9U89vCxGIdfXIgVgsGLRsrMf3w,9cgqbkixDywbRUlAEYaWreQSc3Sfc5eLp1yINQXj7LtNLp4jjw43jg-9,bTJi-ogOWQqcMTVCzGv7FcZamnhdxX2X_zJvMevGvjaN7s7xHiky4q4GUhPp-xN2_WbYKqUF8yLEWQ,96.0
Dacryagogue,oF2-NnC_POqo54NqRK38r932r6HyxZlrBgS3lef1JfciEFs,lwMAJ266W2gelHWvYzZvrS2Ol7QHn9PNdTvVXiFrRjIwgw,WXzO1vDN1hlPNXlr3ZG3cT0M7fs2j8jlxl0Pb1Sr3yVVI_p3yjcAPzgly7W5veFZLjV_8Tbv_umfCA,711.0
21 Stylish,nxIbQ-cZyt5bg2uuvA77BASoA9uTc4kzkjwiKXvL9SIfgWY,lLUkeAsB7xRHvXZOI6kM6NHt9e8GiAJyJcqua-o3_d9nfA,PfLBWgY-wqIO_lkgD7bYAsm_d_oJJpIbH9ZpnbvfHWW1WGajwuHcXO-n6RCvsE7F56_xrWQ7UB1Ppg,179.0
Peruvian GAAP,npbosRptPF_CXKMa_M-57G3chIRZSA1zC_nHZEuWgFi6R5u734kTwlueBA,le-Iqlo2LoY3yKzxplUJZNfQ9JYaqsXy7d1z3QTPDzDaK9k0Ct5TL8Ip,iO-7TXGxdHIaJl1jigf6sOCCqqkIUgDKGijK3zSNKXhGcBkIWIZ_UMmdrB6aC-nvYB5e-DiHACW99w,304.0
Seranok,TMjPtG9DUUACjq9WyfMFi7vVcoBs44uXB007_ibDnpchUEM,oq1qTU3a2gSx-wiScmJkT_rQ9gIMmagJq3LC4x1cjHtLFQ,NiZ91bTCBS7QeCt1_V6i6lA197ultEpx4bBFP9peuZ7boMEy0FKAGKEhusshK8k51lyGjjQlrh-l0Q,445.0
SwiFtSluG,M7jHyFhOK-2ydwfWvitnPbFiEcgyxnZMuYbkUSRXCLV7VH4,bvlvhlLyPmRPGm3qFlTmmTXrluV4evk6JD3aXJ3gKs_4zns,j6ohQcb4lrFztoSiC7l2es36Dah1ngYG8HOvV8vCWpNBpMj38pcp41f8d5hbcqoEfIJEUyb3mBcL2w,415.0
Kral Bykrhn,3YhFGtFM3v7_Mh4nMhaBZSCgM-G0TWZg-nd_bAx7x752kx8,a8GdRjvaDaeGRZnZv190kqzJ5xhq-nd_mrnql_ZwWaptwjE,v3jh_TEmU_s9xo7f7T_IWy_7R6-Nx40fWdCiFyYmGLUUlh0PLCK0Zf8FwneT-FUn6WaAyC5Xqw8ZEQ,514.0
wo cuo le,0i2BaYzyXNVDkjjbr17AP8-V_uIp2t1A1CzHk6rvkPtIROIs,gbTeA4X5i2cIJhh8Qr8FNOi8m_SPinKKeBJ9S8LRnNYnqwnDEO_-5jXN,EYiQi6xDBY2paUm6iEN-BcJ80haIvxkABbS5931QTXe70BGNZolPtnnQy01IIEiF868B7jeOSO8FGw,110.0
KingArtLeywin,7qBeRvrCSBHpGNHYwXKabqOv34IxbTR2IQ-xf8MVvXHUcQWoEHv95FOYpg,351wKdzCpMl4RZq-2cv_HgQ1qXQX3acS3Kw2Lj42rBKdjtVPbZpRdJJy,cQJoHgz_GBIHSukMcmCxak2j9-VhBTYgSd1jUVoxN_3Pim2FglZEFnUXJxLTzmVcC56liDctBVtDHQ,180.0
COOKIEMONSTER123,D7NlrwnjrrjQztTU--wEu3hr5EKFVslUo7Gqz6wWEi_o-1lIJBCbijUOBw,mNarro6xqDGoXgZTUBQRgZWrzO0V5PygBENk4nrn7gBnP1NGOWs439CB,2528SnR-K8Tr_pYaX6CBjVZIqZpSHimeSfZSRWIBWMpluuKZwyZ2l4VfH_CUc_Cfy4DP5V46SxZDkA,66.0
zhong john xina,QqleI-IGhSetF72fB-CbsQNm94EMBQwhfcQEbMdEm4YBSzgI,59dVzhqM8P8U5uvBMiYM1anDrFoKgi_PmYBlcEqFbtyGQppSTRh8emkW,-nEN1Q-M-rzJRiztorgB7c3oe2_JiHTidB2ynog-XGASvSt-ATRINnjYBu-TZP3vhbo-ZbJnzH-Ejw,160.0
zha jiang mian,En1DXHuhg6u1YMXeT6ig1eTg8wAUfC437hITncRH8Mf12F4,w32hJLMijN85ZAjf6_P5V7CrSgDY2zEw6yf7i1eUZIFS9C0,aq044KLS2xrHyVJjrY4kiFNSkMhzpljSeeEaRrT3zPI5Akedyu35dzosH79ZVdhhWESvMLwnrWu-ig,434.0
DRACO IWNL,vqkcE1JFAGGYTvD0phWbzcjabho6kdz9qBgUhPCG5Hb2Lpk,T6lozkJChvlWk8Pl9VYUOWT2I73a9Nu4dR_FH1t0f7NUVw,v8p_XAiiq42GFjU7F-VedgJcmudvcu9s7kw8ZR2Uw3jnOqTFza0bF8K5NCGiH4s28pF0RXO-LvzaPg,128.0
MySwordCrimson,2w_uzdehwG3dUOsb5_Xf9MZcpPaqLeB4OYXTqbPr7gwif9Q,9O6wMveMBUiglTdaNV9P0B1GH3q-ZBpG7YL4G-uvnRJeZBQ,xgVQfZ5JlcBnh5V6FjsOFfFb38N76tgZYv9tAFQdz9G2OkdPXcFRlSBHJIg6ws3SnxVPjuVDiKuD2Q,490.0
Saico,BK24mdthz1q-99s4I0qDdrEOUtaXC0sRpKDGSuswpknB0JI,KeCBA1QhyftCkNKxuKGUqWlQ-R-lLUtIeIAnMkDjJgRWKW0,CUPQVUG3FZBBihc_Pi99INwqEt-5DLL4ZrMiFzOhrRVcbaeGh7IlFHIPg7KS9zBaPG9tk_Ci2nZiLw,840.0
Pekin Woof,T3lm8iqVWYcFlYQKSvTaoqQetvWKi4T8wC3qS2oqLXVF0RA,PhRqECL5DTuXXjanmoZSJyUpiT0UNoG6rxSpHpUfZaNPpQ,5Qh-5HmziJ7CdZh4LEGJfJ8d-UXZWQhZ5wPUl0AWsLC0gAK-awd1mTiMrQlQ7n9UCeaM8lL9P8e3mA,240.0
ASTROBOY99,u0UXRBXZqDvInrcPjMrrDDrWjPL6Qo3BNmAEeQ9kFGclD5k,3E3NnYF9buqPsdJcd5j42iORwqUBG-aLBgX6tsi3lRDThTI,vsc9TrE4PTj251KH8_3P6gsb9e7AuKu4sPGwoiaSHvrdhBxqaup8Y71iBCqNzHMeBiQdbKgXijypIQ,240.0
khaii,lG0QjqIowZMsGwifLyZ1TgZ71_lKHnYY2LSHX9b3_QWTurgG,Et3CF3Yato32Ebzy98LCYgmu7dUXp3ezgYQLFdzQIJuhKGqBz6GpuVe6,9l0-xWGTH-XFFt3zXQUagIU7CXhRXRJS5YwFAAKoXQZhhT0XeWMV5icokMzMGsM9dG9PNen5UB_0_A,331.0
Latence1,0GDLb1LxIUnUg0j3w-956N-gWDJoFNqJYbMwATwrXnb6cJc,LEBC8hkVO2SRP_iRzZlTxCFc-Spq5qLGh2DTAMIMVZ26ItM,879TxKpfSPlzrU7x2vyOMPI2Qpfan6jaz9rbw5lO8YNDjr12eeHGH5TPDSidCK8BW531QM0vpl6sIQ,783.0
Dìesel,kTJQR_VB2Pvg-vlcbOMmCCyc-EJ_1sZPQljLBPN0T4D1nZY,rZpoQY93ngGYfYFuX9fCZXqSW8pe3_4hOxTYkwuQ0bY_K44,QaxrdhQDfWL8uvs6y9QBUJMDnz6_KIcbAkF-1IQIy4VPjqfVS2dt0I0rfmx1luNxouHMEVVLLqA1Xg,595.0
KARUTA DOT XYZ,XM6GfZzPcJed2cFFGR1VMqqe4Z3Z4aJo6qMAASsVEA7Y00g,Rf4D3wLnrNGpX_AEi8mqAreu6ysRdOt3wC20GRbZAaRhWw,8qJBu3wm1VmWPiEZ5-UYv-dDiEAW4mnCidVvqI8meLSCl6q8LlLn6MwIEi2oxJq5ShGPqT2j6vsWRg,414.0
SwordbIue,68sdrSQU9oAA9UqH0DAH1NrPUjEQzIkt-3CjfT7JwjJKoMI,-yaME45-0Xia8iWXaUn9iHptk9hRhEQtdv8wxMD2AuWCzs8,PEpHvMIbWyyCJA7475Mx_37pDbJdh4mtnwuDfNu1YCE_uDl7kzpuottE7YOA5nARRSMQ4gpB8GZpZA,185.0
Your Ruined King,WRjJCXEZvVsBzOlzKjMbAYLjSEa9xfYNdrIWAbrGObkLlUQ,cGoyXBbuSzO2K_EHWneujD4eQdEKMj0PWdUKOM2FDydQnYQ,IYnk7iQjAkGcFKHlpQPjXmsFcBMtYgWRGbS2Mg_YoMuAh6-Amh334mNHqxAdA-1c5EX3k45Jmvhn3g,245.0
Corgi the Pig,bTTVNqH6bCYI94nh6Ooh_WIaSvwMT_fXFxprjsMeY50lclo,CXdEgCfSnXXMTQ7qDhDddRtkQyZxw_CjzuxKftMbnE6BSA,hNn0kFrrxmf0sU9YYY15UFaThM6z4_VaCGObuVC0Sz3l0U7zU_fZMNqh7LYCUHBi2f7hf7BR-2bYKg,361.0
rCadeKing,7_zrVDRxT2iiuoOq2FudIrSEe5b5ajIwDy84TJpiJXR6e_w,ey4IJp4k28PlL6t28uMNv_mmI254BUn7tYmlPdIRDTTEZ4I,ZpQIADl7WzmF0j94jqNVZwI3019fMGdzM0_goj7pRg7JxNvtCLu1T0u822A5edHq0aAEhoZ9yRpGtg,648.0
Shaco,IjGXUD0_fauMNTl1ZYPESj616OhzR6nZ-2mI5H6GvkVZBDc,2JtrElgddcA9smiP75UJ2Wkr32TJaQ57a5h6EA6fJpH09g,gk04pOhDkiQzI1JgeCNWXeXqVzqof59NFOhiVCWSppsoSi-uETWYWotAaC6P1B9v_ZDPx4fBRtqC2g,359.0
Swordblue,IBQw4iovWYZDewq9GfSzvn7F5U_8kkJKF2kuGMxI5W5Nyco,lm3ktMCft1TyG9qvUdu3zY_1wb9RMsIttBHXSyyS4UrKjg,pO4noovXE1A6ZQKUrYEI24-8J54VmRQY-zL6OjlmZUnvE_9Yd-rfUXNatQ9vvebFejWW7gv6eom_iw,444.0
Løgán,rkJmMzDULJbEHQPEyLHS9P0q0vSWynsLS8WU_bRpxGgqEMM,YDmKL2ZvPjY2Ital4HmVofRjC6tQ7AveA4nheAWl54UgtfQ,68lk6dCdZnnlYBTGLd50Jnh_f6dM2KWjvJZwg7CN4c3m-SgSktuC06pm6oQJ3qHWCXDaBrQQCqB4yA,469.0
Arc en ciel,LhuZGfvPTlop09CYVka-8fopySCqOuFoW5at091WEWQQkrQ,GGYllMSV1LhTELv4lIbgwmoHrYJWfyW6V2YbX_mrhZyfYw,oeum1uakK5uEH3adnS-bVj93DFBVwgsUx-XKk9eo4rkIx1lS1l9KJ9XBZNIy7FPQwLYfRyh0K6tZ9A,227.0
Silent Reaper,hKVXl7BOaKHlbDVM7VN7WYYWnwlkwtIOE12LYbQPrDBL,SzMynRrGGauRXDwrdviLHLigE6_Cxu--osE7M7BLhQM,S85dcbiX4NcHunrAkPqJdaFY9pF13khWeM0P0O4DwRu_2EJ8sAR-qE_EI4llIMmqRTwGGZoFsBCm9Q,417.0
Zamudo,RTGJaf9E4QKWYe_wxMA97VFCcyDy8-9sInYIJndWjLvz1Aw,ZAgYKpFc88IKkj7xkwvUIkvMJgAQ8j5-14d8R8BBu0xplLU,ECRrqoM6eJEmFbhDoa9znw0q205_u7v16bUpv4v51sE0IKAjZYwWXZRVJvDNGx9BjEy71LGz6WJFzw,544.0
Jinx,VMISeoZoBHABHN_zO13-kwW68fj0XTYJSOZbfwhU7aWdk-s,oe34UXoAfObhX5dEJQzhn-9lvnyptznT8banSFGwjmwdIRU,ymxuJIdrRszrS-X6poD_0SJFHFv34yrqa7DKNfQJ0X_oYXma2YjItjRDrg8L3LOqa6n26K_U0MnqOg,1071.0
One Dan,nvLyFsmkQiq0omkIJflmSqa3tu8qka07KvJf_ZCG7Bq-hzqcO-ueAmDfnw,jbgr3Rflesnv7bhmI0YLPaMqeOK_oE2s4m4BNAl8wrdAYCJv-ssXDdPW,U113CHNfeTLkNq_J45dageEc2X3l0ggmTX7mAJrBo6r2WdUIYaQWfvSQa_X5rpq5F_g2k9MgzY69gg,87.0
dog2,YTVgRbUa7CZcQUujNJzsIp2-T4Co_NN0_hcERf25D5uUcO4,v6zX_KexjxSatfwG9CaTNr-p12ihifxpLyCqUdOctPACeA,pP4ZtSHaw-pABfHoGcn3EIGLSB-h9rK42zufNncTy1PoXmNofhaZdpPFagq3JAah_MJpleXB0eNBvg,488.0
Fishlord,r5aurEVyBVDncX4tRG4oC6t_SAQr_-KlwN4aeiiwIe9cMEg,B_ZR4zuUQ2FxyEJtK5qWnYJtuyG5lHbUA-xtDsrkQL1cU1U,-Wcd4wx3-H6xOwDtSTa7uM-Swqn7xiqBJDMADXRH5QgK8z-ao1y1djARtYR-Q5XWPPSmt5TcHWNvvg,510.0
Geiger,fp621Ny3QX76ZWe8kpFN2Ek3dZNU2KQITjOOSmPqf6M0Ftc,k0g-uZIiCKx5Uo8nnkJIarE2jpARzC-ROSRyjboXPudGeag,gIEvE_mqjcznflci40OWRyJyglP_4C52byv6qzcIqsXqRlsJr7yoJSRJ61Hy3rsq8Gp40pMDjQ0wJg,1041.0
Putilt,7gCkxQF9Dft3gH9heoeZ-fxfxQyWAHidy2N2VnIs2vEnJBQ,3dSUPXJcG8ho-Hqk3ClFvDT6a9nGHnXhddrUjp-43tw9yiI,LTJWXHUtIWT0JdFElve28EoVsRWWDO3QeU4yqVqq8eeyFQeGnPaFx51glGBOD3pCXzzh-kWyTxMWQA,256.0
,,,,
kaixinyidian,-X-96ZUvn4cXeEHsSNnFPZF_YLQi2CJdEF-peiZAiu68qq-jFyU8gDScFQ,6rq2Wnf7WDArfbsqYye2fLjIoo4y7aeBp8vot8nZK3itc5oysyR_MWdt,ZItkIHevNfXMpXENXRc-1-V75zuKgfycGpj5VAS1yc8v3voJJAz0tNWTBDQwUoe6gLHgKl2cq9wDvQ,116.0
tsumi no saigo,DOZ_TZMpvssLwsScpxbt_VaHJVmiM7zoozna-40ZeeHmCfp9AuZVFTo_uw,lkqG-A6AxEetpd1QEYuvTKUw_G6Q9Ke1sW520mUKR8EBZVKwoDz3mqfT,nkRBSP3EUWJKlj9_Zlr7xCSXrdFoA4FIvxHndVTvrd_S0M9SyGniF_KTTqZiCf0-zRlxxzWp4eEbdQ,160.0
Le Punisher,RDFKGfq_PSkuJsttJdd9nK2Sh40oCVclpmYAK5PTZbXRYqA,nb50NvkXvoRAzBtIRQrbsMUu56DOQjakuOfdbw1KYCCYv0Y,fu8VACIDrX-Ge6H9pKj50skrjBHL2jHs5EQ8qmUFjbbbafJvi61n_RMMa8YR1D7QElDiBwHVJPpDPw,307.0
TTV Bertsicle,el6p_Bp4nWGmSL6LO9RNcV7jzP6mieOesnIlJZmFwaj37Uwu,hZcG2wBLEot8QvF0MDCdUyC8RFsuCC6Z1erhrOp_1T-HgA8QSH4RRe_D,e9q2y8wMyb86SyTaiICK6C_ZW3KZJnPSLattGZ1y79Z9dFEXAk4QUqK0C5apoWzk67q-x3YW22saJw,93.0
TTV Insightfulv,gc85djIB5yRj0gMTbr8NG7ePX4uiocuLjWcK1XZNZwM9_fgJREEh_odWuA,KQRnWjZV7WEaaF2Pz1NxkqRyIxh7zBWpOcFBjffVU6DIhen7kvzor0Vd,_eKWctBFKlua84FAYtkj_sFKiSIWfFlVw8n66TZSst5L0R30jBNy9YKJBgj2O2Fo-I_bLGO8g48IWA,88.0
S Class Rank 15,fmbWgSOTuwVGqqMjuXlBE9QhsnhA8CO6XMPW2F5NjgE4UJA,OjRJKBemdaY63Xc5ET8P_TLlSX97APuQx_xk9rpIoPLk9Xk,xPW26BwrY1CKThgbPGAl9I89Ne_nRE-mIqi5xyASmLNS1eFHNS-ASoZ2-KsugBb3-Vq63qyfXAcfFw,375.0
